Timestamp,CURRENT,FREQ,POWER,SCALE_SPEED,TORQUE,VOLTAGE_AC
2017-08-22T13:25:33.022Z,0.844241,51.679688,0.028638,86.132706,0.205133,186.950684
2017-08-22T13:25:32.022Z,0.858053,54.012451,0.029321,88.289452,0.231436,194.946289
2017-08-22T13:25:31.020Z,0.868301,55.352783,0.030957,92.001274,0.200775,201.538086
2017-08-22T13:25:30.006Z,0.879796,56.843262,0.033472,94.738495,0.192838,205.932617
2017-08-22T13:25:28.875Z,0.879796,56.843262,0.033472,94.738495,0.192838,205.932617
2017-08-22T13:25:22.369Z,0.86634,46.098633,0.026563,76.830429,0.237039,168.640137
2017-08-22T13:25:21.355Z,0.867677,42.974854,0.025562,71.626274,0.198441,158.569336
2017-08-22T13:25:20.339Z,0.88443,39.968262,0.02522,66.615501,0.224432,148.803711
2017-08-22T13:25:19.325Z,0.869459,37.250977,0.023047,62.085373,0.23486,140.319824
2017-08-22T13:25:18.318Z,0.869727,34.976807,0.02312,58.295574,0.20451,133.178711
2017-08-22T13:25:17.311Z,0.916243,33.277588,0.021606,55.463326,0.252448,127.990723
2017-08-22T13:25:16.305Z,0.897262,32.373047,0.021753,54.45945,0.254626,124.633789
2017-08-22T13:25:15.296Z,0.914728,32.010498,0.021045,53.348175,0.239996,123.718262
2017-08-22T13:25:14.290Z,0.914639,32.120361,0.021509,53.478073,0.223654,125.061035
2017-08-22T13:25:13.283Z,0.92453,32.904053,0.021265,54.841702,0.236261,128.78418
2017-08-22T13:25:12.271Z,0.901094,34.654541,0.022656,57.360874,0.216028,134.277344
2017-08-22T13:25:11.260Z,0.893965,36.723633,0.022339,60.891201,0.221008,141.967773
2017-08-22T13:25:10.254Z,0.888618,39.147949,0.023901,65.230278,0.148947,149.719238
2017-08-22T13:25:09.252Z,0.889598,42.077637,0.024902,70.129425,0.132761,160.461426
2017-08-22T13:25:08.233Z,0.891381,45.183105,0.024707,75.307755,0.163733,169.799805
2017-08-22T13:25:07.233Z,0.869014,48.28125,0.025806,80.468452,0.220853,179.321289
2017-08-22T13:25:06.217Z,0.830963,51.188965,0.02915,85.315674,0.222253,188.964844
2017-08-22T13:25:05.210Z,0.851013,53.741455,0.029443,89.571548,0.245599,196.716309
2017-08-22T13:25:04.165Z,0.852706,57.227783,0.031396,95.381348,0.23735,205.688477
2017-08-22T13:25:02.405Z,0.849409,57.960205,0.03208,96.602203,0.234238,207.763672
2017-08-22T13:25:01.164Z,0.846112,57.949219,0.033496,96.584724,0.225211,206.90918
2017-08-22T13:25:00.152Z,0.862241,57.198486,0.033032,95.329948,0.243109,203.613281
2017-08-22T13:24:59.154Z,0.840855,55.744629,0.032129,92.909752,0.226611,197.08252
2017-08-22T13:24:58.143Z,0.856182,53.679199,0.03064,89.462921,0.257428,191.589355
2017-08-22T13:24:57.145Z,0.849855,51.112061,0.029687,85.186996,0.197195,183.410645
2017-08-22T13:24:56.135Z,0.868657,48.197021,0.029199,80.327126,0.214471,174.743652
2017-08-22T13:24:55.115Z,0.853152,45.098877,0.026392,75.161873,0.199841,164.123535
2017-08-22T13:24:54.102Z,0.846023,41.993408,0.026709,69.98735,0.225522,153.381348
2017-08-22T13:24:53.088Z,0.880063,39.060059,0.023828,65.100151,0.236572,145.080566
2017-08-22T13:24:52.084Z,0.871509,36.467285,0.023193,60.780476,0.274548,137.329102
2017-08-22T13:24:51.069Z,0.881311,34.365234,0.022705,57.275925,0.263965,130.615234
2017-08-22T13:24:50.064Z,0.883806,32.871094,0.022437,54.787376,0.274548,126.281738
2017-08-22T13:24:49.055Z,0.874539,32.072754,0.022144,53.4575,0.231592,123.962402
2017-08-22T13:24:48.046Z,0.919896,32.017822,0.020728,53.362526,0.252136,124.450684
2017-08-22T13:24:47.038Z,0.904391,32.706299,0.020923,54.5079,0.292291,126.831055
2017-08-22T13:24:46.038Z,0.908401,34.0979,0.022388,56.82795,0.241864,131.225586
2017-08-22T13:24:45.037Z,0.871598,36.112061,0.021948,60.189724,0.263809,137.695312
2017-08-22T13:24:44.042Z,0.868746,38.638916,0.023022,64.400475,0.251825,145.874023
2017-08-22T13:24:43.030Z,0.865895,41.531982,0.025757,69.218826,0.188013,154.602051
2017-08-22T13:24:42.014Z,0.841657,44.622803,0.026123,74.368576,0.236105,164.306641
2017-08-22T13:24:40.998Z,0.85235,47.731934,0.027026,79.554527,0.196573,174.194336
2017-08-22T13:24:39.982Z,0.847538,50.687256,0.029053,84.479401,0.198129,183.776855
2017-08-22T13:24:38.981Z,0.832122,53.31665,0.030054,88.86087,0.187701,192.810059
2017-08-22T13:24:37.966Z,0.839251,55.469971,0.031958,92.447777,0.230191,199.768066
2017-08-22T13:24:36.960Z,0.863845,57.019043,0.031641,95.0345,0.233459,204.772949
2017-08-22T13:24:35.951Z,0.866519,57.883301,0.033032,96.472778,0.236572,207.458496
2017-08-22T13:24:34.943Z,0.87338,58.007812,0.031445,96.680145,0.220074,207.580566
2017-08-22T13:24:33.934Z,0.860281,57.385254,0.033936,95.64473,0.226456,205.383301
2017-08-22T13:24:32.928Z,0.862241,56.055908,0.031445,93.42585,0.226767,200.439453
2017-08-22T13:24:31.921Z,0.848607,54.089355,0.031104,90.150749,0.201242,194.091797
2017-08-22T13:24:30.914Z,0.845221,51.602783,0.029395,86.007126,0.233148,185.668945
2017-08-22T13:24:29.904Z,0.859568,48.739014,0.028735,81.232552,0.207001,176.818848
2017-08-22T13:24:28.898Z,0.84228,45.65918,0.027563,76.100677,0.191904,166.503906
2017-08-22T13:24:27.900Z,0.882648,42.542725,0.024927,70.905724,0.242642,156.311035
2017-08-22T13:24:26.703Z,0.881044,39.569092,0.022729,65.945473,0.23237,146.30127
2017-08-22T13:24:25.690Z,0.894321,36.903076,0.022656,61.50425,0.179764,138.122559
2017-08-22T13:24:24.678Z,0.884163,34.702148,0.022046,57.836674,0.26272,131.469727
2017-08-22T13:24:23.663Z,0.903767,33.09082,0.022095,55.152977,0.201553,126.098633
2017-08-22T13:24:22.650Z,0.91856,32.164307,0.020703,53.606976,0.247934,124.023438
2017-08-22T13:24:21.642Z,0.907332,31.973877,0.021118,53.2873,0.227078,124.206543
2017-08-22T13:24:20.639Z,0.917579,32.526855,0.021069,54.212299,0.237973,126.525879
2017-08-22T13:24:19.627Z,0.902163,33.797607,0.022046,56.328926,0.264899,130.79834
2017-08-22T13:24:18.583Z,0.888262,36.873779,0.023267,61.455727,0.154706,142.700195
2017-08-22T13:24:17.421Z,0.884876,40.98999,0.025513,68.319,0.251514,152.22168
2017-08-22T13:24:16.290Z,0.865717,45.622559,0.027222,76.038803,0.234705,167.907715
2017-08-22T13:24:14.207Z,0.842548,48.702393,0.02915,81.173172,0.243265,177.856445
2017-08-22T13:24:13.200Z,0.842102,51.573486,0.029858,85.953651,0.195483,186.889648
2017-08-22T13:24:12.184Z,0.862419,54.063721,0.03125,90.106224,0.234238,194.885254
2017-08-22T13:24:11.178Z,0.840587,56.033936,0.03269,93.392853,0.228946,201.23291
2017-08-22T13:24:10.173Z,0.829448,57.374268,0.032739,95.625122,0.214627,205.749512
2017-08-22T13:24:09.167Z,0.851726,58.00415,0.033032,96.675095,0.193771,207.763672
2017-08-22T13:24:08.170Z,0.862419,57.890625,0.033105,96.482552,0.249802,207.397461
2017-08-22T13:24:07.167Z,0.840409,57.033691,0.034009,95.058525,0.223654,204.467773
2017-08-22T13:24:06.162Z,0.858499,55.491943,0.032739,92.48468,0.230502,199.401855
2017-08-22T13:24:05.148Z,0.866875,53.345947,0.030884,88.908554,0.247,192.199707
2017-08-22T13:24:04.128Z,0.854845,50.720215,0.029395,84.535095,0.254315,183.105469
2017-08-22T13:24:03.122Z,0.850389,47.768555,0.027783,79.615074,0.237039,174.072266
2017-08-22T13:24:02.110Z,0.871152,44.659424,0.026245,74.430496,0.202487,163.94043
2017-08-22T13:24:01.103Z,0.857964,41.568604,0.025317,69.278549,0.249646,154.052734
2017-08-22T13:24:00.094Z,0.88247,38.671875,0.023291,64.454597,0.224744,144.65332
2017-08-22T13:23:59.085Z,0.888351,36.141357,0.022852,60.235149,0.248557,136.657715
2017-08-22T13:23:58.075Z,0.878638,34.116211,0.022144,56.862076,0.247623,130.371094
2017-08-22T13:23:57.066Z,0.91348,32.717285,0.021802,54.528725,0.26163,126.098633
2017-08-22T13:23:56.062Z,0.883272,32.021484,0.019946,53.3689,0.254938,124.023438
2017-08-22T13:23:55.054Z,0.888084,32.069092,0.022144,53.449051,0.265366,124.206543
2017-08-22T13:23:54.047Z,0.90243,32.860107,0.022021,54.764576,0.231436,126.525879
2017-08-22T13:23:53.039Z,0.874093,34.343262,0.022095,57.240074,0.283731,131.347656
2017-08-22T13:23:52.036Z,0.868212,36.44165,0.021729,60.73365,0.226456,138.061523
2017-08-22T13:23:51.021Z,0.849142,39.0271,0.02373,65.045052,0.206067,146.240234
2017-08-22T13:23:49.829Z,0.854489,41.956787,0.02417,69.927078,0.239841,157.470703
2017-08-22T13:23:48.825Z,0.869548,45.058594,0.025391,75.099922,0.231436,166.503906
2017-08-22T13:23:47.820Z,0.867142,48.1604,0.028125,80.267052,0.252448,176.208496
2017-08-22T13:23:46.795Z,0.846736,51.079102,0.028003,85.132225,0.234705,185.974121
2017-08-22T13:23:45.782Z,0.846736,53.649902,0.031226,89.416595,0.218362,193.786621
2017-08-22T13:23:44.776Z,0.852083,55.726318,0.030688,92.87455,0.190659,200.561523
2017-08-22T13:23:43.710Z,0.852885,57.183838,0.032983,95.307846,0.210736,205.26123
2017-08-22T13:23:42.714Z,0.869637,57.945557,0.032422,96.577026,0.217429,207.580566
2017-08-22T13:23:41.697Z,0.872489,57.963867,0.03208,96.609329,0.238751,207.397461
2017-08-22T13:23:40.682Z,0.849587,57.242432,0.032617,95.402878,0.202487,204.345703
2017-08-22T13:23:39.668Z,0.849231,55.817871,0.03313,93.026871,0.222876,199.584961
2017-08-22T13:23:38.665Z,0.868033,53.770752,0.030371,89.617477,0.230502,192.687988
2017-08-22T13:23:37.598Z,0.868033,53.770752,0.030371,89.617477,0.230502,192.687988
2017-08-22T13:23:28.700Z,0.905371,32.006836,0.019897,53.3424,0.261942,123.840332
2017-08-22T13:23:27.654Z,0.886658,34.02832,0.022168,56.714577,0.236261,132.324219
2017-08-22T13:23:26.257Z,0.871687,34.954834,0.022729,58.255974,0.280463,133.239746
2017-08-22T13:23:25.233Z,0.860192,37.22168,0.02251,62.035599,0.244354,140.136719
2017-08-22T13:23:24.223Z,0.854221,39.935303,0.023901,66.558372,0.221631,148.803711
2017-08-22T13:23:23.219Z,0.857875,42.938232,0.025317,71.565079,0.231436,158.508301
2017-08-22T13:23:22.208Z,0.851637,46.062012,0.027124,76.7687,0.192215,168.579102
2017-08-22T13:23:21.201Z,0.835953,49.123535,0.028052,81.870895,0.20809,178.588867
2017-08-22T13:23:20.191Z,0.849766,51.947021,0.029199,86.579254,0.216495,187.805176
2017-08-22T13:23:19.186Z,0.841657,54.375,0.029932,90.623825,0.208557,195.739746
2017-08-22T13:23:17.993Z,0.825884,56.264648,0.032104,93.772774,0.179919,202.087402
2017-08-22T13:23:16.989Z,0.829716,57.506104,0.033472,95.845596,0.183188,206.176758
2017-08-22T13:23:15.972Z,0.849498,58.033447,0.031494,96.72348,0.197351,207.824707
2017-08-22T13:23:14.950Z,0.843795,57.813721,0.034131,96.356079,0.219919,207.092285
2017-08-22T13:23:13.944Z,0.857073,56.85791,0.032397,94.76445,0.240463,203.613281
2017-08-22T13:23:12.937Z,0.854489,55.224609,0.032397,92.039848,0.200464,198.181152
2017-08-22T13:23:11.930Z,0.856627,53.001709,0.031006,88.338455,0.217273,190.490723
2017-08-22T13:23:10.920Z,0.837646,50.324707,0.030151,83.872421,0.196729,181.518555
2017-08-22T13:23:09.915Z,0.867766,47.340088,0.026807,78.897827,0.251047,171.936035
2017-08-22T13:23:08.905Z,0.878727,44.219971,0.025317,73.699776,0.225989,161.865234
2017-08-22T13:23:07.899Z,0.844775,41.147461,0.024121,68.576248,0.21167,152.34375
2017-08-22T13:23:06.892Z,0.869459,38.291016,0.023877,63.820976,0.198752,143.188477
2017-08-22T13:23:05.884Z,0.878816,35.822754,0.022583,59.706524,0.206067,135.620117
2017-08-22T13:23:04.874Z,0.874271,33.881836,0.022021,56.46875,0.204977,129.638672
2017-08-22T13:23:03.869Z,0.912589,32.574463,0.021777,54.293251,0.281396,125.671387
2017-08-22T13:23:02.859Z,0.915352,31.981201,0.021069,53.304775,0.261008,123.840332
2017-08-22T13:23:01.853Z,0.916421,32.13501,0.021973,53.559925,0.280463,124.389648
2017-08-22T13:23:00.661Z,0.910718,33.024902,0.022095,55.044125,0.265988,127.990723
2017-08-22T13:22:59.662Z,0.906708,34.603271,0.021802,57.672276,0.253848,133.605957
2017-08-22T13:22:58.639Z,0.882737,36.774902,0.02356,61.293724,0.193927,140.319824
2017-08-22T13:22:57.634Z,0.884876,39.418945,0.023267,65.700874,0.223965,148.803711
2017-08-22T13:22:56.622Z,0.8724,42.385254,0.02478,70.641075,0.272369,158.081055
2017-08-22T13:22:55.607Z,0.847181,45.498047,0.026563,75.831177,0.196573,168.395996
2017-08-22T13:22:54.598Z,0.863667,48.585205,0.027124,80.973602,0.245444,177.307129
2017-08-22T13:22:53.592Z,0.839429,51.463623,0.029419,85.773605,0.18381,186.645508
2017-08-22T13:22:52.583Z,0.844686,53.972168,0.029419,89.956024,0.20062,194.580078
2017-08-22T13:22:51.576Z,0.850657,55.968018,0.032544,93.281097,0.231592,201.171875
2017-08-22T13:22:50.569Z,0.83827,57.333984,0.032568,95.558228,0.235794,205.688477
2017-08-22T13:22:49.559Z,0.821517,57.993164,0.033887,96.656876,0.179297,207.702637
2017-08-22T13:22:48.550Z,0.83132,57.908936,0.035669,96.514053,0.193771,207.275391
2017-08-22T13:22:47.541Z,0.862152,57.081299,0.032861,95.13797,0.239374,204.345703
2017-08-22T13:22:46.538Z,0.863756,55.565186,0.032202,92.607498,0.237662,198.913574
2017-08-22T13:22:45.529Z,0.845488,53.441162,0.031567,89.067703,0.230191,191.894531
2017-08-22T13:22:44.523Z,0.856538,50.83374,0.029102,84.721474,0.191437,182.678223
2017-08-22T13:22:43.392Z,0.830161,47.889404,0.02793,79.817978,0.252136,172.058105
2017-08-22T13:22:42.374Z,0.850568,44.783936,0.029565,74.638298,0.197818,161.804199
2017-08-22T13:22:41.355Z,0.870439,41.685791,0.023828,69.479347,0.213693,152.709961
2017-08-22T13:22:40.348Z,0.901094,38.781738,0.023657,64.636848,0.221631,143.859863
2017-08-22T13:22:39.336Z,0.906708,36.23291,0.023853,60.388424,0.186301,134.94873
2017-08-22T13:22:38.328Z,0.879707,34.185791,0.022656,56.9776,0.260696,129.699707
2017-08-22T13:22:37.318Z,0.885945,32.76123,0.021704,54.599876,0.284509,125.793457
2017-08-22T13:22:36.311Z,0.889777,32.036133,0.020313,53.391602,0.258051,123.962402
2017-08-22T13:22:35.301Z,0.919005,32.054443,0.021216,53.421974,0.260385,124.450684
2017-08-22T13:22:34.300Z,0.916243,32.8125,0.021558,54.689301,0.265054,127.563477
2017-08-22T13:22:33.241Z,0.879261,41.835938,0.024365,69.725204,0.26163,154.907227
2017-08-22T13:22:29.999Z,0.864736,43.374023,0.025146,72.289154,0.232993,160.217285
2017-08-22T13:22:28.993Z,0.875341,46.497803,0.026953,77.496574,0.220697,170.227051
2017-08-22T13:22:27.985Z,0.843973,49.537354,0.027954,82.560875,0.236572,180.114746
2017-08-22T13:22:26.976Z,0.848875,52.313232,0.030322,87.19175,0.194083,189.208984
2017-08-22T13:22:25.969Z,0.84629,54.675293,0.031982,91.123749,0.24342,196.899414
2017-08-22T13:22:24.962Z,0.840498,56.477051,0.033423,94.13147,0.224121,202.819824
2017-08-22T13:22:23.950Z,0.855647,57.626953,0.031519,96.042496,0.23595,206.481934
2017-08-22T13:22:22.955Z,0.846647,58.048096,0.034497,96.747299,0.192371,207.824707
2017-08-22T13:22:21.940Z,0.843617,57.722168,0.034204,96.205444,0.209024,206.787109
2017-08-22T13:22:20.929Z,0.852974,56.66748,0.032642,94.447998,0.206067,203.308105
2017-08-22T13:22:19.888Z,0.842637,52.650146,0.030908,87.753281,0.233304,190.124512
2017-08-22T13:22:18.132Z,0.841924,51.331787,0.029468,85.552376,0.246844,184.265137
2017-08-22T13:22:17.124Z,0.856895,48.438721,0.028198,80.729149,0.247934,173.706055
2017-08-22T13:22:16.115Z,0.881578,45.3479,0.026831,75.577499,0.239996,164.672852
2017-08-22T13:22:15.107Z,0.866875,42.235107,0.025024,70.392723,0.231592,154.602051
2017-08-22T13:22:14.096Z,0.867053,39.283447,0.023755,65.472076,0.233148,146.240234
2017-08-22T13:22:13.092Z,0.883361,36.657715,0.023462,61.097599,0.25914,137.695312
2017-08-22T13:22:12.080Z,0.870796,34.511719,0.022485,57.520073,0.27128,131.103516
2017-08-22T13:22:11.071Z,0.877034,32.966309,0.021777,54.94455,0.220074,126.647949
2017-08-22T13:22:10.067Z,0.87944,32.113037,0.022339,53.5187,0.259296,124.145508
2017-08-22T13:22:09.060Z,0.884876,31.99585,0.021069,53.324249,0.287155,124.023438
2017-08-22T13:22:08.051Z,0.915262,32.62207,0.022217,54.372326,0.261475,126.037598
2017-08-22T13:22:07.044Z,0.880776,33.962402,0.021973,56.602875,0.235172,130.187988
2017-08-22T13:22:06.038Z,0.904213,35.932617,0.02063,59.888023,0.246689,136.779785
2017-08-22T13:22:05.029Z,0.850122,38.422852,0.02417,64.039452,0.245755,144.53125
2017-08-22T13:22:04.029Z,0.875786,41.290283,0.025317,68.819176,0.219608,153.869629
2017-08-22T13:22:03.016Z,0.860013,44.370117,0.025781,73.953201,0.250735,163.879395
2017-08-22T13:22:02.008Z,0.837379,47.486572,0.0271,79.147247,0.183499,174.01123
2017-08-22T13:22:00.986Z,0.845221,50.463867,0.028589,84.103546,0.198285,183.166504
2017-08-22T13:21:59.865Z,0.855914,53.122559,0.029712,88.538025,0.23595,192.199707
2017-08-22T13:21:58.858Z,0.854934,55.316162,0.029736,92.196426,0.226456,199.035645
2017-08-22T13:21:57.850Z,0.82722,56.920166,0.032935,94.869049,0.226923,204.589844
2017-08-22T13:21:56.838Z,0.857786,57.843018,0.031641,96.402695,0.20918,207.336426
2017-08-22T13:21:55.836Z,0.865449,58.026123,0.032227,96.709473,0.255249,207.641602
2017-08-22T13:21:54.825Z,0.82125,57.462158,0.032471,95.771774,0.236728,205.383301
2017-08-22T13:21:53.821Z,0.846736,56.187744,0.033496,93.643326,0.220386,201.11084
2017-08-22T13:21:52.735Z,0.848251,54.268799,0.032422,90.446198,0.238129,192.993164
2017-08-22T13:21:51.723Z,0.854132,51.818848,0.031738,86.363625,0.216962,184.997559
2017-08-22T13:21:50.716Z,0.839251,48.977051,0.028906,81.629623,0.201553,174.743652
2017-08-22T13:21:49.710Z,0.839785,45.908203,0.027686,76.515602,0.229257,162.963867
2017-08-22T13:21:48.700Z,0.860905,42.788086,0.024854,71.314697,0.244354,155.700684
2017-08-22T13:21:47.693Z,0.863311,39.796143,0.024854,66.32505,0.204199,146.850586
2017-08-22T13:21:46.685Z,0.876945,37.10083,0.023584,61.832676,0.196884,139.099121
2017-08-22T13:21:45.675Z,0.884697,34.855957,0.022388,58.095123,0.286066,131.835938
2017-08-22T13:21:44.494Z,0.88443,32.614746,0.021289,54.3578,0.220541,125.793457
2017-08-22T13:21:43.484Z,0.888529,31.992188,0.020605,53.320499,0.277039,124.023438
2017-08-22T13:21:42.462Z,0.913035,32.116699,0.02251,53.525951,0.275949,124.206543
2017-08-22T13:21:41.444Z,0.908312,32.977295,0.022388,54.962376,0.271436,127.01416
2017-08-22T13:21:40.440Z,0.905638,34.530029,0.021899,57.547451,0.254004,131.774902
2017-08-22T13:21:39.430Z,0.905282,36.679688,0.022192,61.132973,0.242798,138.427734
2017-08-22T13:21:38.421Z,0.852528,39.309082,0.023438,65.513428,0.217584,146.850586
2017-08-22T13:21:37.411Z,0.874806,42.264404,0.025513,70.437653,0.21525,156.188965
2017-08-22T13:21:36.405Z,0.850479,45.373535,0.024683,75.623451,0.248245,166.259766
2017-08-22T13:21:35.392Z,0.868657,48.464355,0.028003,80.773476,0.251981,176.330566
2017-08-22T13:21:34.384Z,0.843171,51.35376,0.031152,85.592545,0.198752,185.852051
2017-08-22T13:21:33.375Z,0.848607,53.884277,0.031421,89.804428,0.194861,194.213867
2017-08-22T13:21:32.368Z,0.838627,55.9021,0.032593,93.167648,0.2263,200.927734
2017-08-22T13:21:31.177Z,0.838538,57.293701,0.033154,95.489426,0.228012,205.566406
2017-08-22T13:21:30.173Z,0.845756,57.982178,0.033008,96.636673,0.212759,207.580566
2017-08-22T13:21:29.146Z,0.855023,57.927246,0.032739,96.543594,0.224744,207.458496
2017-08-22T13:21:28.132Z,0.853597,57.128906,0.032983,95.215576,0.236572,204.89502
2017-08-22T13:21:27.129Z,0.854578,55.638428,0.032129,92.728729,0.241553,199.829102
2017-08-22T13:21:26.117Z,0.866608,53.536377,0.029883,89.225571,0.240308,192.810059
2017-08-22T13:21:25.110Z,0.855736,50.943604,0.028955,84.906952,0.246689,184.204102
2017-08-22T13:21:24.098Z,0.851013,48.013916,0.027148,80.020424,0.188013,174.804688
2017-08-22T13:21:23.092Z,0.839963,44.908447,0.026929,74.846123,0.193927,164.550781
2017-08-22T13:21:22.084Z,0.881757,41.806641,0.025,69.680626,0.236261,154.541016
2017-08-22T13:21:21.073Z,0.864558,38.891602,0.023438,64.820053,0.236572,145.263672
2017-08-22T13:21:20.066Z,0.866697,36.324463,0.023047,60.543049,0.275015,137.268066
2017-08-22T13:21:19.058Z,0.87944,34.255371,0.021875,57.094776,0.257739,130.92041
2017-08-22T13:21:18.053Z,0.866875,32.805176,0.021851,54.672901,0.243265,126.342773
2017-08-22T13:21:17.046Z,0.89949,32.050781,0.02063,53.416248,0.207935,124.023438
2017-08-22T13:21:15.854Z,0.881667,32.039795,0.020166,53.396873,0.270035,124.267578
2017-08-22T13:21:14.650Z,0.9035,33.4021,0.021729,55.670624,0.275327,128.295898
2017-08-22T13:21:13.641Z,0.894767,35.15625,0.02251,58.594975,0.212915,133.605957
2017-08-22T13:21:12.621Z,0.89245,37.474365,0.023853,62.459724,0.244666,140.991211
2017-08-22T13:21:11.606Z,0.88443,40.224609,0.025415,67.04335,0.252448,149.780273
2017-08-22T13:21:10.599Z,0.875964,43.249512,0.025708,72.083054,0.209958,159.423828
2017-08-22T13:21:09.589Z,0.850568,46.373291,0.027222,77.290001,0.239374,169.494629
2017-08-22T13:21:08.582Z,0.841657,49.420166,0.02771,82.365646,0.216495,179.504395
2017-08-22T13:21:07.578Z,0.857786,52.210693,0.030469,87.019073,0.197351,188.659668
2017-08-22T13:21:06.563Z,0.845221,54.591064,0.031982,90.983521,0.227545,196.533203
2017-08-22T13:21:05.557Z,0.842637,56.418457,0.032397,92.634445,0.192371,202.514648
2017-08-22T13:21:04.548Z,0.829359,57.550049,0.033105,95.155304,0.209958,206.359863
2017-08-22T13:21:03.540Z,0.830874,57.912598,0.030249,96.520775,0.164355,207.824707
2017-08-22T13:21:02.529Z,0.878103,57.993164,0.031372,96.652573,0.258673,206.970215
2017-08-22T13:21:01.524Z,0.809666,57.32666,0.032666,95.543175,0.24202,203.857422
2017-08-22T13:21:00.527Z,0.824191,55.953369,0.032007,93.256149,0.218674,197.937012
2017-08-22T13:20:59.329Z,0.844063,52.752686,0.030737,87.921051,0.251047,190.368652
2017-08-22T13:20:58.299Z,0.863667,50.0354,0.028735,83.391846,0.251358,181.396484
2017-08-22T13:20:57.290Z,0.848429,47.028809,0.028467,78.381622,0.23595,171.569824
2017-08-22T13:20:56.286Z,0.874984,43.905029,0.024609,73.177521,0.25058,161.315918
2017-08-22T13:20:55.275Z,0.861528,40.847168,0.025806,68.077927,0.261008,151.367188
2017-08-22T13:20:54.231Z,0.872489,36.756592,0.02251,61.258076,0.242331,138.61084
2017-08-22T13:20:53.083Z,0.874806,35.603027,0.022583,59.338676,0.261163,134.643555
2017-08-22T13:20:52.077Z,0.87837,33.720703,0.021948,56.200024,0.244977,128.78418
2017-08-22T13:20:51.073Z,0.871509,32.48291,0.02002,54.13905,0.248868,125.183105
2017-08-22T13:20:50.064Z,0.916332,31.962891,0.021802,53.273926,0.265677,123.718262
2017-08-22T13:20:49.057Z,0.914728,32.193604,0.021948,53.654224,0.267545,124.572754
2017-08-22T13:20:48.051Z,0.895123,33.153076,0.021948,55.258148,0.22988,127.624512
2017-08-22T13:20:46.853Z,0.880866,34.797363,0.021802,57.993752,0.205756,135.742188
2017-08-22T13:20:45.845Z,0.907242,37.023926,0.021753,61.704224,0.234082,143.005371
2017-08-22T13:20:44.651Z,0.870885,41.173096,0.024438,68.620178,0.256027,152.832031
2017-08-22T13:20:43.626Z,0.882826,44.245605,0.026538,73.745651,0.231281,162.719727
2017-08-22T13:20:42.631Z,0.865182,47.365723,0.028198,78.943054,0.249335,172.912598
2017-08-22T13:20:41.620Z,0.83934,50.350342,0.028687,83.914375,0.238596,182.739258
2017-08-22T13:20:40.600Z,0.866786,53.023682,0.03042,88.374725,0.225055,191.589355
2017-08-22T13:20:39.585Z,0.829181,55.239258,0.03064,92.068375,0.177896,198.791504
2017-08-22T13:20:38.576Z,0.846112,56.868896,0.031958,94.7836,0.196884,204.101562
2017-08-22T13:20:37.567Z,0.837468,57.817383,0.032446,96.364723,0.219608,207.092285
2017-08-22T13:20:36.559Z,0.858231,58.033447,0.031274,96.721146,0.241708,207.763672
2017-08-22T13:20:35.551Z,0.864291,57.498779,0.033398,95.832451,0.271747,206.176758
2017-08-22T13:20:34.542Z,0.86634,56.25,0.031641,93.749527,0.23237,201.904297
2017-08-22T13:20:33.532Z,0.853152,54.356689,0.03064,90.591827,0.199374,195.678711
2017-08-22T13:20:32.520Z,0.867677,51.925049,0.029785,86.540329,0.224432,187.62207
2017-08-22T13:20:31.510Z,0.849053,49.0979,0.029224,81.827271,0.196417,178.405762
2017-08-22T13:20:30.502Z,0.84932,46.032715,0.02688,76.722878,0.248712,168.395996
2017-08-22T13:20:29.498Z,0.857251,42.912598,0.025635,71.519699,0.229568,158.26416
2017-08-22T13:20:28.486Z,0.852083,39.909668,0.024585,66.516052,0.204044,148.620605
2017-08-22T13:20:27.467Z,0.868033,37.199707,0.0229,61.998699,0.253693,140.014648
2017-08-22T13:20:26.466Z,0.903054,34.936523,0.021973,58.226677,0.25665,133.056641
2017-08-22T13:20:25.454Z,0.883272,33.248291,0.021777,53.728249,0.236417,127.685547
2017-08-22T13:20:24.444Z,0.877212,32.237549,0.021118,53.728249,0.223965,124.633789
2017-08-22T13:20:23.438Z,0.875341,31.955566,0.020996,53.259724,0.267078,123.779297
2017-08-22T13:20:22.380Z,0.89147,32.420654,0.02168,54.037449,0.206534,125.183105
2017-08-22T13:20:21.374Z,0.907153,33.61084,0.021729,56.016827,0.263498,128.845215
2017-08-22T13:20:20.367Z,0.890044,35.449219,0.022852,59.0844,0.197662,134.58252
2017-08-22T13:20:19.358Z,0.89842,37.836914,0.023315,63.064323,0.251981,142.150879
2017-08-22T13:20:18.350Z,0.860994,40.638428,0.02522,67.728455,0.240308,151.123047
2017-08-22T13:20:17.342Z,0.854934,43.685303,0.024487,72.809402,0.200153,160.766602
2017-08-22T13:20:16.345Z,0.864825,46.809082,0.027881,78.015923,0.230658,170.959473
2017-08-22T13:20:15.328Z,0.84932,49.830322,0.029321,83.049576,0.225366,180.908203
2017-08-22T13:20:14.318Z,0.866162,52.573242,0.029858,87.621796,0.247,189.880371
2017-08-22T13:20:13.308Z,0.867944,54.884033,0.03291,91.470474,0.235172,197.44873
2017-08-22T13:20:12.265Z,0.827488,57.249756,0.030981,95.418777,0.238907,206.176758
2017-08-22T13:20:10.375Z,0.836221,57.967529,0.032324,96.614502,0.192682,207.641602
2017-08-22T13:20:09.366Z,0.849587,57.941895,0.034595,96.571198,0.185211,206.848145
2017-08-22T13:20:08.359Z,0.851013,57.176514,0.035083,95.291351,0.238129,203.735352
2017-08-22T13:20:07.350Z,0.847449,55.708008,0.031763,92.848297,0.149881,198.120117
2017-08-22T13:20:06.342Z,0.854934,53.62793,0.032422,89.382149,0.169803,191.162109
2017-08-22T13:20:05.331Z,0.862598,51.053467,0.03064,85.091522,0.19953,182.861328
2017-08-22T13:20:04.286Z,0.856182,43.469238,0.025952,72.449829,0.207779,160.15625
2017-08-22T13:20:03.027Z,0.856271,43.469238,0.026416,72.449829,0.199997,160.03418
2017-08-22T13:20:01.986Z,0.876143,39.001465,0.025024,65.004196,0.25058,142.822266
2017-08-22T13:20:00.834Z,0.875786,35.302734,0.022388,58.840073,0.245288,134.094238
2017-08-22T13:19:59.557Z,0.909916,34.328613,0.022241,57.213573,0.25914,130.92041
2017-08-22T13:19:58.549Z,0.910094,32.849121,0.021851,54.747776,0.277817,126.525879
2017-08-22T13:19:57.538Z,0.910183,32.06543,0.021753,53.442875,0.264587,124.206543
2017-08-22T13:19:56.529Z,0.874628,32.025146,0.020972,53.373749,0.230502,124.084473
2017-08-22T13:19:55.524Z,0.886836,32.728271,0.021631,54.5443,0.260385,126.281738
2017-08-22T13:19:54.514Z,0.877568,34.130859,0.021313,56.887474,0.249646,130.554199
2017-08-22T13:19:53.511Z,0.898599,36.159668,0.022729,60.268925,0.228635,136.901855
2017-08-22T13:19:52.500Z,0.859835,38.69751,0.022803,64.494827,0.238284,144.897461
2017-08-22T13:19:51.491Z,0.877568,41.594238,0.024829,69.322922,0.233615,154.11377
2017-08-22T13:19:50.481Z,0.851993,44.685059,0.026831,74.476448,0.198129,164.123535
2017-08-22T13:19:49.476Z,0.855736,47.794189,0.027026,79.660004,0.2263,174.194336
2017-08-22T13:19:48.476Z,0.871776,50.74585,0.028906,84.576401,0.233304,183.898926
2017-08-22T13:19:47.479Z,0.842459,53.36792,0.030273,88.943848,0.189258,192.443848
2017-08-22T13:19:46.466Z,0.845934,55.506592,0.031519,92.512001,0.217896,199.523926
2017-08-22T13:19:45.441Z,0.851281,57.044678,0.032959,95.076279,0.207779,204.650879
2017-08-22T13:19:44.434Z,0.878549,57.894287,0.03147,96.4897,0.249023,207.397461
2017-08-22T13:19:43.375Z,0.866251,58.00415,0.030444,96.671227,0.25416,207.641602
2017-08-22T13:19:42.312Z,0.842013,56.777344,0.031738,94.630569,0.222565,203.613281
2017-08-22T13:19:41.059Z,0.846112,56.019287,0.030713,93.368271,0.201086,200.073242
2017-08-22T13:19:40.053Z,0.854578,54.04541,0.03291,90.07312,0.246378,193.42041
2017-08-22T13:19:39.041Z,0.83426,51.547852,0.030762,85.913925,0.243887,185.119629
2017-08-22T13:19:38.032Z,0.849142,48.676758,0.028711,81.129074,0.200931,175.598145
2017-08-22T13:19:37.027Z,0.861707,45.596924,0.027563,75.992905,0.199063,164.916992
2017-08-22T13:19:36.026Z,0.860281,42.480469,0.025342,70.799805,0.206689,154.724121
2017-08-22T13:19:34.834Z,0.863578,38.129883,0.023145,63.5513,0.210114,143.005371
2017-08-22T13:19:33.817Z,0.867231,35.690918,0.023218,59.483627,0.264276,135.314941
2017-08-22T13:19:32.807Z,0.877479,33.782959,0.021851,56.305401,0.271591,129.455566
2017-08-22T13:19:31.790Z,0.883539,32.519531,0.021216,54.198826,0.240775,125.427246
2017-08-22T13:19:30.781Z,0.898866,31.970215,0.022119,53.284649,0.253848,123.840332
2017-08-22T13:19:29.700Z,0.889064,33.101807,0.021729,55.171825,0.220697,127.624512
2017-08-22T13:19:27.422Z,0.877034,34.720459,0.02207,57.864952,0.220697,132.93457
2017-08-22T13:19:22.234Z,0.877034,34.720459,0.02207,57.864952,0.220697,132.93457
2017-08-22T13:19:19.773Z,0.861083,55.162354,0.030615,91.938774,0.239062,200.073242
2017-08-22T13:19:18.767Z,0.837736,56.817627,0.032007,94.69632,0.217429,204.223633
2017-08-22T13:19:17.760Z,0.845221,57.79541,0.034326,96.324799,0.179141,207.092285
2017-08-22T13:19:16.745Z,0.840944,58.037109,0.033423,96.730873,0.195795,207.763672
2017-08-22T13:19:15.746Z,0.834528,57.5354,0.0323,95.89122,0.23595,205.871582
2017-08-22T13:19:14.728Z,0.826418,56.312256,0.033496,93.854027,0.20809,201.599121
2017-08-22T13:19:13.715Z,0.860013,54.440918,0.030566,90.736,0.212759,194.885254
2017-08-22T13:19:12.710Z,0.847627,52.03125,0.0323,86.71595,0.230035,186.889648
2017-08-22T13:19:11.701Z,0.856716,49.215088,0.029858,82.0243,0.229102,177.612305
2017-08-22T13:19:10.696Z,0.849677,46.157227,0.027368,76.929977,0.225211,167.419434
2017-08-22T13:19:09.680Z,0.847538,43.033447,0.025317,71.725021,0.242331,157.287598
2017-08-22T13:19:08.672Z,0.859657,40.023193,0.023877,66.707802,0.25416,146.972656
2017-08-22T13:19:07.669Z,0.893519,37.298584,0.023242,62.165924,0.265677,138.305664
2017-08-22T13:19:06.573Z,0.877925,35.01709,0.022339,58.359749,0.256494,131.896973
2017-08-22T13:19:05.569Z,0.879083,33.303223,0.021411,55.50745,0.279062,126.953125
2017-08-22T13:19:04.522Z,0.884341,32.88208,0.022363,54.804375,0.266766,126.586914
2017-08-22T13:19:01.806Z,0.906975,33.548584,0.021558,55.916252,0.262408,128.78418
2017-08-22T13:19:00.789Z,0.903856,35.36499,0.022095,58.943474,0.254315,134.338379
2017-08-22T13:18:59.783Z,0.874004,37.734375,0.023218,62.891125,0.232214,141.845703
2017-08-22T13:18:58.776Z,0.880955,40.52124,0.025195,67.532898,0.221786,150.695801
2017-08-22T13:18:57.767Z,0.848785,43.560791,0.025977,72.602722,0.209335,160.522461
2017-08-22T13:18:56.758Z,0.860103,46.68457,0.026123,77.809975,0.235016,170.593262
2017-08-22T13:18:55.751Z,0.868657,49.713135,0.028125,82.856125,0.235172,180.480957
2017-08-22T13:18:54.741Z,0.865271,52.470703,0.029565,87.45195,0.241553,189.51416
2017-08-22T13:18:53.735Z,0.832924,54.799805,0.030469,91.333977,0.190503,197.20459
2017-08-22T13:18:52.553Z,0.865271,56.568604,0.032593,94.279678,0.214471,203.308105
2017-08-22T13:18:51.542Z,0.853152,57.670898,0.031299,96.120178,0.218362,206.726074
2017-08-22T13:18:50.520Z,0.853241,58.051758,0.033667,96.749969,0.250269,207.824707
2017-08-22T13:18:49.502Z,0.832033,57.678223,0.032104,96.132996,0.231592,206.604004
2017-08-22T13:18:48.496Z,0.856895,56.583252,0.030835,94.304581,0.213849,203.00293
2017-08-22T13:18:47.484Z,0.836399,54.821777,0.031934,91.369553,0.223965,197.143555
2017-08-22T13:18:46.482Z,0.833726,52.496338,0.029663,87.496155,0.188791,189.453125
2017-08-22T13:18:45.469Z,0.848696,49.742432,0.029126,82.906425,0.194083,180.297852
2017-08-22T13:18:44.462Z,0.855469,46.717529,0.028467,77.863449,0.208868,170.410156
2017-08-22T13:18:43.459Z,0.838716,43.59375,0.025415,72.656349,0.206689,160.095215
2017-08-22T13:18:42.446Z,0.858409,40.550537,0.024951,67.583603,0.203888,150.085449
2017-08-22T13:18:41.438Z,0.859568,37.76001,0.023438,62.935974,0.241086,141.113281
2017-08-22T13:18:40.434Z,0.872667,35.386963,0.023193,58.979927,0.264899,134.094238
2017-08-22T13:18:39.420Z,0.914015,33.566895,0.021875,55.9422,0.263809,128.295898
2017-08-22T13:18:38.411Z,0.912678,32.398682,0.021924,53.996948,0.258984,125.061035
2017-08-22T13:18:37.406Z,0.898242,31.951904,0.021851,53.255676,0.244821,123.718262
2017-08-22T13:18:36.397Z,0.88639,32.255859,0.022485,53.760876,0.255872,124.938965
2017-08-22T13:18:35.390Z,0.88541,33.288574,0.021313,55.483574,0.253693,127.990723
2017-08-22T13:18:34.386Z,0.858766,34.995117,0.022388,58.32505,0.242175,133.422852
2017-08-22T13:18:33.384Z,0.900381,37.272949,0.023389,62.122398,0.255249,140.441895
2017-08-22T13:18:32.388Z,0.865093,39.993896,0.023657,66.657951,0.245755,149.047852
2017-08-22T13:18:31.319Z,0.842102,53.269043,0.031226,88.783699,0.23595,192.260742
2017-08-22T13:18:27.078Z,0.846023,54.418945,0.029028,90.69873,0.197351,197.570801
2017-08-22T13:18:26.068Z,0.857786,56.297607,0.032349,93.827049,0.204666,203.491211
2017-08-22T13:18:25.060Z,0.835151,57.524414,0.032007,95.876144,0.225989,206.359863
2017-08-22T13:18:24.015Z,0.851191,58.011475,0.034717,96.687927,0.240308,207.763672
2017-08-22T13:18:22.997Z,0.839874,57.802734,0.033765,96.335373,0.209024,206.848145
2017-08-22T13:18:21.982Z,0.841122,56.832275,0.032495,94.719147,0.230969,202.819824
2017-08-22T13:18:20.978Z,0.86741,55.184326,0.032349,91.97258,0.236105,196.655273
2017-08-22T13:18:19.967Z,0.847627,52.950439,0.029834,88.253052,0.185834,189.63623
2017-08-22T13:18:18.927Z,0.859211,48.797607,0.029468,81.328201,0.233304,177.307129
2017-08-22T13:18:17.691Z,0.879974,45.721436,0.026196,76.200478,0.241708,167.358398
2017-08-22T13:18:16.687Z,0.841924,42.601318,0.025146,71.003899,0.208713,157.287598
2017-08-22T13:18:15.678Z,0.862241,39.620361,0.024487,66.036423,0.213693,147.583008
2017-08-22T13:18:14.664Z,0.895123,36.950684,0.02334,61.582775,0.212137,139.160156
2017-08-22T13:18:13.656Z,0.892985,34.73877,0.022021,57.898224,0.20918,132.263184
2017-08-22T13:18:12.646Z,0.90448,33.116455,0.020679,55.19405,0.290735,127.319336
2017-08-22T13:18:11.639Z,0.879083,32.175293,0.021631,53.625225,0.238284,124.572754
2017-08-22T13:18:10.632Z,0.891202,31.970215,0.021948,53.281673,0.238751,123.840332
2017-08-22T13:18:09.626Z,0.905995,32.508545,0.020435,54.183125,0.265677,125.549316
2017-08-22T13:18:08.617Z,0.904926,33.768311,0.021362,56.277874,0.281085,129.394531
2017-08-22T13:18:07.611Z,0.89842,35.668945,0.023828,59.44585,0.263809,135.253906
2017-08-22T13:18:06.604Z,0.886925,38.104248,0.024194,63.505451,0.230969,143.005371
2017-08-22T13:18:05.599Z,0.847271,40.935059,0.02439,68.223976,0.240775,152.038574
2017-08-22T13:18:04.586Z,0.845756,44.000244,0.026099,73.330925,0.237195,161.987305
2017-08-22T13:18:03.577Z,0.874271,47.120361,0.027661,78.533554,0.242175,171.99707
2017-08-22T13:18:02.393Z,0.86536,50.119629,0.029077,83.53363,0.208246,182.373047
2017-08-22T13:18:01.361Z,0.836221,52.825928,0.030322,88.044495,0.229724,191.52832
2017-08-22T13:18:00.351Z,0.854578,55.085449,0.030762,91.807625,0.25665,198.730469
2017-08-22T13:17:59.344Z,0.84834,56.762695,0.032104,94.607269,0.185989,204.223633
2017-08-22T13:17:58.334Z,0.839429,57.769775,0.033081,96.282951,0.173383,207.03125
2017-08-22T13:17:57.331Z,0.864647,58.044434,0.034448,96.738602,0.225055,207.763672
2017-08-22T13:17:56.319Z,0.862152,57.568359,0.032666,95.948105,0.255716,206.176758
2017-08-22T13:17:55.313Z,0.855914,56.374512,0.03186,93.956772,0.206689,202.270508
2017-08-22T13:17:54.304Z,0.84228,54.528809,0.03064,90.878777,0.225833,196.228027
2017-08-22T13:17:53.306Z,0.866073,52.133789,0.030615,86.890526,0.233148,188.293457
2017-08-22T13:17:52.297Z,0.844241,49.332275,0.028052,82.220673,0.195328,179.077148
2017-08-22T13:17:51.292Z,0.867588,46.281738,0.027246,77.136902,0.266611,168.945312
2017-08-22T13:17:50.281Z,0.856627,43.157959,0.026367,71.930649,0.249335,158.752441
2017-08-22T13:17:49.274Z,0.858677,40.140381,0.023926,66.90033,0.264587,149.291992
2017-08-22T13:17:48.269Z,0.891024,37.401123,0.023096,62.334301,0.234393,140.625
2017-08-22T13:17:47.258Z,0.887727,35.097656,0.022534,58.49435,0.243109,133.544922
2017-08-22T13:17:46.251Z,0.891737,33.361816,0.021289,55.600552,0.228635,127.929688
2017-08-22T13:17:45.224Z,0.891202,32.29248,0.021387,53.818825,0.255716,124.816895
2017-08-22T13:17:44.037Z,0.907866,31.951904,0.020435,53.251274,0.274081,123.779297
2017-08-22T13:17:42.974Z,0.885321,33.48999,0.022412,55.817425,0.254471,128.90625
2017-08-22T13:17:41.199Z,0.905638,35.280762,0.021729,58.804001,0.252914,134.155273
2017-08-22T13:17:40.191Z,0.861796,37.631836,0.022974,62.719025,0.244821,141.540527
2017-08-22T13:17:39.178Z,0.88844,40.404053,0.024634,67.338028,0.241553,150.268555
2017-08-22T13:17:38.169Z,0.869281,43.436279,0.025171,72.396248,0.222565,160.03418
2017-08-22T13:17:37.163Z,0.873915,46.311035,0.02793,77.182648,0.231747,169.433594
2017-08-22T13:17:36.151Z,0.847538,49.35791,0.027368,82.264023,0.201086,179.382324
2017-08-22T13:17:35.147Z,0.841567,52.155762,0.028491,86.929001,0.187234,188.537598
2017-08-22T13:17:34.140Z,0.837557,54.547119,0.032031,90.910149,0.190659,196.533203
2017-08-22T13:17:33.133Z,0.865004,56.38916,0.031274,93.979279,0.227234,202.575684
2017-08-22T13:17:32.123Z,0.837468,57.575684,0.033057,95.960426,0.239218,206.481934
2017-08-22T13:17:31.114Z,0.836221,58.044434,0.032178,96.740021,0.182098,207.824707
2017-08-22T13:17:30.107Z,0.834706,57.762451,0.033203,96.273422,0.204044,206.90918
2017-08-22T13:17:29.095Z,0.860103,56.751709,0.032446,94.587326,0.213693,203.491211
2017-08-22T13:17:28.090Z,0.832924,55.067139,0.032129,91.778427,0.211514,197.998047
2017-08-22T13:17:27.095Z,0.863311,52.803955,0.031714,88.007706,0.204977,190.490723
2017-08-22T13:17:26.098Z,0.837468,50.093994,0.029175,83.491325,0.231747,181.70166
2017-08-22T13:17:25.089Z,0.851726,47.094727,0.027197,78.488174,0.240775,171.875
2017-08-22T13:17:24.066Z,0.867321,43.970947,0.026782,73.285103,0.210269,161.743164
2017-08-22T13:17:23.049Z,0.879618,40.909424,0.023462,68.180298,0.261319,151.855469
2017-08-22T13:17:22.037Z,0.889955,38.078613,0.023926,63.46645,0.254004,143.005371
2017-08-22T13:17:21.034Z,0.89441,35.646973,0.022656,59.41375,0.201086,135.314941
2017-08-22T13:17:20.024Z,0.899757,33.753662,0.022437,56.254524,0.273926,129.394531
2017-08-22T13:17:19.013Z,0.866162,32.501221,0.02085,54.169849,0.23237,125.488281
2017-08-22T13:17:18.006Z,0.886123,31.966553,0.021216,53.279251,0.276416,123.901367
2017-08-22T13:17:16.996Z,0.890668,32.178955,0.021265,53.633774,0.230658,124.572754
2017-08-22T13:17:15.986Z,0.898242,33.127441,0.020532,55.2131,0.228012,127.441406
2017-08-22T13:17:14.979Z,0.859568,34.75708,0.022388,57.926674,0.225833,132.446289
2017-08-22T13:17:13.968Z,0.891024,36.972656,0.023169,61.618973,0.202487,139.343262
2017-08-22T13:17:12.961Z,0.861172,39.645996,0.024951,66.078323,0.198129,148.010254
2017-08-22T13:17:11.768Z,0.846558,42.630615,0.025049,71.049103,0.230191,157.531738
2017-08-22T13:17:10.764Z,0.874539,45.74707,0.026611,81.372177,0.23735,167.602539
2017-08-22T13:17:09.754Z,0.840498,48.823242,0.029272,81.372177,0.23237,177.67334
2017-08-22T13:17:08.310Z,0.864469,52.972412,0.032056,88.289452,0.235483,191.162109
2017-08-22T13:17:07.301Z,0.856805,55.198975,0.031982,92.001274,0.237973,198.547363
2017-08-22T13:17:06.291Z,0.859746,56.843262,0.033423,94.738495,0.196417,203.979492
2017-08-22T13:17:05.287Z,0.875251,57.806396,0.034204,96.344254,0.237506,207.15332
2017-08-22T13:17:04.273Z,0.845221,58.037109,0.033374,96.726456,0.247778,207.885742
2017-08-22T13:17:03.270Z,0.842013,57.51709,0.032349,95.863205,0.209491,206.176758
2017-08-22T13:17:02.255Z,0.8634,56.282959,0.032837,93.804001,0.228323,202.148438
2017-08-22T13:17:01.248Z,0.842369,54.400635,0.031152,90.66687,0.225522,195.861816
2017-08-22T13:17:00.246Z,0.845756,51.97998,0.030151,86.631653,0.239841,187.866211
2017-08-22T13:16:59.231Z,0.846112,49.156494,0.029858,81.929649,0.214627,178.588867
2017-08-22T13:16:58.223Z,0.871776,46.098633,0.026245,76.830429,0.229102,168.701172
2017-08-22T13:16:57.222Z,0.853063,42.974854,0.025854,71.626274,0.230347,158.630371
2017-08-22T13:16:56.211Z,0.863845,39.968262,0.0229,66.615501,0.227856,149.047852
2017-08-22T13:16:55.203Z,0.879172,37.250977,0.023975,62.085373,0.218207,140.319824
2017-08-22T13:16:54.195Z,0.901718,34.976807,0.022314,58.295574,0.260696,133.117676
2017-08-22T13:16:53.185Z,0.882202,33.277588,0.021899,55.463326,0.254626,127.807617
2017-08-22T13:16:51.992Z,0.888529,32.252197,0.021582,53.750999,0.263187,124.572754
2017-08-22T13:16:50.997Z,0.907332,31.955566,0.020752,53.256775,0.283887,123.840332
2017-08-22T13:16:49.987Z,0.882024,32.406006,0.020972,54.008926,0.221786,125.427246
2017-08-22T13:16:48.965Z,0.883984,33.577881,0.021997,55.964401,0.263654,129.089355
2017-08-22T13:16:47.950Z,0.859924,35.405273,0.022021,50,0.2056,134.58252
2017-08-22T13:16:46.930Z,0.924619,30,0.021411,50,0.284665,117.797852
2017-08-22T13:16:45.907Z,0.898064,30,0.020752,50,0.296494,117.919922
2017-08-22T13:16:44.894Z,0.895569,30,0.01958,50,0.27735,117.919922
2017-08-22T13:16:43.887Z,0.920966,30,0.020361,50,0.286221,117.980957
2017-08-22T13:16:42.875Z,0.90448,30,0.020752,50,0.30054,117.980957
2017-08-22T13:16:41.869Z,0.892361,30,0.019897,50,0.298361,117.980957
2017-08-22T13:16:40.857Z,0.932996,30,0.020508,50,0.279529,117.858887
2017-08-22T13:16:39.851Z,0.91651,30,0.020459,50,0.3091,117.797852
2017-08-22T13:16:38.841Z,0.895123,30,0.020605,50,0.293692,117.736816
2017-08-22T13:16:37.835Z,0.925778,30,0.020728,50,0.263187,117.797852
2017-08-22T13:16:36.828Z,0.887905,30,0.021313,50,0.235794,117.858887
2017-08-22T13:16:35.820Z,0.915352,30,0.021289,50,0.223965,117.858887
2017-08-22T13:16:34.814Z,0.91954,30,0.020386,50,0.267078,117.858887
2017-08-22T13:16:33.801Z,0.882737,30,0.020264,50,0.236261,117.797852
2017-08-22T13:16:32.797Z,0.899401,30,0.020801,50,0.272058,117.797852
2017-08-22T13:16:31.786Z,0.909738,30,0.020947,50,0.237506,117.858887
2017-08-22T13:16:30.778Z,0.882648,30,0.02146,50,0.277505,117.980957
2017-08-22T13:16:29.771Z,0.896282,30,0.022119,50,0.246378,117.980957
2017-08-22T13:16:28.571Z,0.91749,30,0.021143,50,0.242642,117.858887
2017-08-22T13:16:27.572Z,0.90546,30,0.021045,50,0.250113,117.797852
2017-08-22T13:16:26.504Z,0.896638,30,0.020508,50,0.288712,117.858887
2017-08-22T13:16:25.295Z,0.881667,30,0.020532,50,0.260852,117.797852
2017-08-22T13:16:24.098Z,0.912946,30,0.020117,50,0.28342,117.858887
2017-08-22T13:16:23.088Z,0.916777,30,0.020508,50,0.252759,117.858887
2017-08-22T13:16:22.071Z,0.928718,30,0.021387,50,0.283264,117.919922
2017-08-22T13:16:21.059Z,0.896014,30,0.021118,50,0.223343,117.980957
2017-08-22T13:16:20.044Z,0.888975,30,0.021826,50,0.292603,117.980957
2017-08-22T13:16:19.038Z,0.89548,30,0.021021,50,0.281396,117.919922
2017-08-22T13:16:18.029Z,0.896282,30,0.021021,50,0.275638,117.858887
2017-08-22T13:16:17.026Z,0.907955,30,0.021118,50,0.222409,117.858887
2017-08-22T13:16:16.012Z,0.896638,30,0.021094,50,0.304276,117.797852
2017-08-22T13:16:15.006Z,0.929075,30,0.021338,50,0.269879,117.919922
2017-08-22T13:16:14.000Z,0.887371,30,0.021094,50,0.233771,117.858887
2017-08-22T13:16:12.989Z,0.895391,30,0.02085,50,0.297116,117.858887
2017-08-22T13:16:11.982Z,0.892806,30,0.020435,50,0.279529,117.858887
2017-08-22T13:16:10.973Z,0.928718,30,0.020264,50,0.276572,117.797852
2017-08-22T13:16:09.967Z,0.902609,30,0.020923,50,0.266922,117.858887
2017-08-22T13:16:08.960Z,0.906708,30,0.020508,50,0.301785,117.797852
2017-08-22T13:16:07.951Z,0.917758,30,0.020972,50,0.225366,117.797852
2017-08-22T13:16:06.942Z,0.932015,30,0.02124,50,0.268011,117.858887
2017-08-22T13:16:05.932Z,0.886836,30,0.021216,50,0.24093,117.858887
2017-08-22T13:16:04.919Z,0.905995,30,0.021704,50,0.242798,117.858887
2017-08-22T13:16:03.723Z,1.030127,32.76123,0.026221,54.60305,-0.005447,162.963867
2017-08-22T13:16:02.727Z,0.879529,30.106201,0.019922,50.174187,0.289178,156.433105
2017-08-22T13:16:01.717Z,0.863043,30,0.018311,50,0.260852,148.55957
2017-08-22T13:16:00.696Z,0.87035,30,0.018701,50,0.28949,144.958496
2017-08-22T13:15:59.681Z,0.901005,30,0.021729,50,0.290424,136.71875
2017-08-22T13:15:58.670Z,0.86536,30,0.018848,50,0.263031,130.92041
2017-08-22T13:15:57.666Z,0.904391,30,0.019336,50,0.226456,124.267578
2017-08-22T13:15:56.656Z,0.866429,30,0.014063,50,0.330579,146.30127
2017-08-22T13:15:55.647Z,0.867499,30,0.017188,50,0.317972,142.39502
2017-08-22T13:15:54.639Z,0.8503,30,0.018872,50,0.315326,130.92041
2017-08-22T13:15:53.635Z,0.834795,30,0.017383,50,0.254782,130.249023
2017-08-22T13:15:52.625Z,0.839785,31.706543,0.015601,52.845562,0.260852,143.554688
2017-08-22T13:15:51.620Z,0.869103,34.984131,0.019482,58.309101,0.262875,152.832031
2017-08-22T13:15:50.612Z,0.874449,38.272705,0.02124,63.78627,0.27128,180.786133
2017-08-22T13:15:49.605Z,0.86536,41.403809,0.016187,69.008972,0.245911,183.166504
2017-08-22T13:15:48.601Z,0.83631,44.216309,0.014331,73.695984,0.24451,184.753418
2017-08-22T13:15:47.589Z,0.862063,46.560059,0.019629,77.59864,0.252914,185.302734
2017-08-22T13:15:46.581Z,0.852261,48.299561,0.025513,80.497337,0.19704,190.307617
2017-08-22T13:15:45.574Z,0.870974,49.324951,0.026904,82.209755,0.220074,191.711426
2017-08-22T13:15:44.567Z,0.863756,49.570312,0.026147,82.620041,0.216806,196.472168
2017-08-22T13:15:43.557Z,0.849498,48.966064,0.027173,81.610062,0.184589,198.486328
2017-08-22T13:15:42.557Z,0.849498,47.340088,0.023535,78.899521,0.230969,188.598633
2017-08-22T13:15:41.432Z,0.839251,59.509277,0.033838,72.076294,0.16062,214.233398
2017-08-22T13:15:40.153Z,0.839874,55.715332,0.033228,92.861664,0.234393,199.768066
2017-08-22T13:15:39.147Z,0.865627,53.895264,0.031396,89.823273,0.238751,193.603516
2017-08-22T13:15:38.122Z,0.842548,51.064453,0.030005,85.109657,0.234705,184.143066
2017-08-22T13:15:37.108Z,0.858142,48.057861,0.028418,80.098602,0.221942,174.316406
2017-08-22T13:15:36.103Z,0.862419,45.172119,0.029297,75.285149,0.241086,164.916992
2017-08-22T13:15:35.093Z,0.856627,42.608643,0.02688,71.012352,0.192682,156.921387
2017-08-22T13:15:34.083Z,0.852528,40.528564,0.024878,67.545578,0.257117,149.536133
2017-08-22T13:15:33.076Z,0.878103,39.056396,0.024927,65.094002,0.208246,145.141602
2017-08-22T13:15:32.069Z,0.87035,38.272705,0.024146,63.787426,0.213226,141.723633
2017-08-22T13:15:31.063Z,0.865806,38.217773,0.022803,63.69342,0.244666,140.50293
2017-08-22T13:15:30.050Z,0.872667,38.880615,0.023608,64.79882,0.192526,143.310547
2017-08-22T13:15:29.042Z,0.884786,40.198975,0.024683,67.00103,0.201242,147.338867
2017-08-22T13:15:28.034Z,0.882826,42.06665,0.023901,70.108788,0.232059,154.11377
2017-08-22T13:15:27.029Z,0.859657,44.230957,0.025391,73.716843,0.234238,160.949707
2017-08-22T13:15:26.030Z,0.880331,45.838623,0.026343,76.400726,0.224899,167.541504
2017-08-22T13:15:25.011Z,0.865538,59.696045,0.033008,99.491508,0.226456,209.838867
2017-08-22T13:15:24.000Z,0.829003,55.638428,0.031274,92.730759,0.189725,199.035645
2017-08-22T13:15:22.993Z,0.837112,57.828369,0.034033,96.37867,0.235794,206.298828
2017-08-22T13:15:21.985Z,0.865182,60,0.03291,100,0.245911,213.562012
2017-08-22T13:15:20.979Z,0.830607,60,0.035156,100,0.184433,213.867188
2017-08-22T13:15:19.971Z,0.836666,60,0.032983,100,0.218051,213.867188
2017-08-22T13:15:18.962Z,0.884519,60,0.031885,100,0.199219,214.050293
2017-08-22T13:15:17.953Z,0.848162,60,0.03479,100,0.185522,213.867188
2017-08-22T13:15:16.902Z,0.84736,60,0.035034,100,0.190659,213.623047
2017-08-22T13:15:15.858Z,0.843884,49.123535,0.027319,81.873734,0.20202,184.143066
2017-08-22T13:15:14.308Z,0.880331,46.864014,0.025903,78.109222,0.232837,175.048828
2017-08-22T13:15:13.303Z,0.867677,44.586182,0.025757,74.30938,0.192682,167.297363
2017-08-22T13:15:12.294Z,0.862598,41.733398,0.024316,69.556229,0.239218,156.921387
2017-08-22T13:15:11.285Z,0.862241,38.774414,0.024048,64.626785,0.25058,146.728516
2017-08-22T13:15:10.275Z,0.869727,35.961914,0.022705,59.933846,0.249802,137.084961
2017-08-22T13:15:09.265Z,0.909648,33.343506,0.022192,55.573109,0.253848,128.417969
2017-08-22T13:15:08.074Z,0.905995,31.270752,0.020532,52.120834,0.256183,127.319336
2017-08-22T13:15:06.866Z,0.911074,34.002686,0.02229,56.67062,0.260541,130.065918
2017-08-22T13:15:05.863Z,0.874271,39.136963,0.023853,65.225662,0.232993,146.057129
2017-08-22T13:15:04.846Z,0.897975,37.606201,0.022925,62.675941,0.260229,141.235352
2017-08-22T13:15:03.831Z,0.852617,37.884521,0.023218,63.139969,0.232837,142.150879
2017-08-22T13:15:02.814Z,0.891381,39.052734,0.023682,65.086525,0.231436,145.629883
2017-08-22T13:15:01.816Z,0.864825,40.916748,0.025293,68.19397,0.231436,151.733398
2017-08-22T13:15:00.803Z,0.869994,43.326416,0.024463,72.209816,0.212292,159.240723
2017-08-22T13:14:59.793Z,0.870885,46.124268,0.026099,76.875923,0.238284,168.212891
2017-08-22T13:14:58.791Z,0.851191,49.145508,0.027344,81.90715,0.21525,178.161621
2017-08-22T13:14:57.789Z,0.860994,52.203369,0.030347,69.071213,0.255249,188.415527
2017-08-22T13:14:56.770Z,0.856093,55.12207,0.032178,91.871124,0.253693,198.059082
2017-08-22T13:14:55.727Z,0.812874,57.740479,0.033472,96.232162,0.179297,200.134277
2017-08-22T13:14:54.365Z,0.854578,59.904785,0.043115,99.838654,0.199841,199.768066
2017-08-22T13:14:53.356Z,0.850746,60,0.045825,100,0.247778,201.965332
2017-08-22T13:14:52.349Z,0.834617,60,0.033862,100,0.196729,207.580566
2017-08-22T13:14:51.342Z,0.833726,60,0.034814,100,0.197351,206.359863
2017-08-22T13:14:50.331Z,0.83524,60,0.039258,100,0.224277,210.754395
2017-08-22T13:14:49.322Z,0.863043,58.787842,0.035498,97.977463,0.212137,203.613281
2017-08-22T13:14:48.135Z,0.867855,49.639893,0.027588,82.731506,0.22739,180.541992
2017-08-22T13:14:47.113Z,0.863132,46.875,0.027856,78.126297,0.203577,171.630859
2017-08-22T13:14:46.096Z,0.88541,43.868408,0.025049,73.116943,0.242175,161.987305
2017-08-22T13:14:45.092Z,0.874539,40.759277,0.025171,67.932983,0.238284,151.733398
2017-08-22T13:14:44.083Z,0.89646,37.70874,0.023462,62.848763,0.256961,141.967773
2017-08-22T13:14:43.076Z,0.868479,34.892578,0.021948,58.151684,0.21058,133.056641
2017-08-22T13:14:42.066Z,0.89343,32.4646,0.021924,54.108276,0.244977,125.488281
2017-08-22T13:14:41.061Z,0.927203,30.574951,0.020972,50.955727,0.27128,119.750977
2017-08-22T13:14:40.051Z,0.899401,30,0.020874,50,0.263654,118.041992
2017-08-22T13:14:39.045Z,0.894232,30,0.019653,50,0.28949,117.919922
2017-08-22T13:14:38.043Z,0.899312,30,0.020215,58.483452,0.259918,117.919922
2017-08-22T13:14:37.031Z,0.88541,30.117188,0.020264,59.154213,0.272992,118.286133
2017-08-22T13:14:36.026Z,1.007849,32.904053,0.024194,60.849854,0.368555,123.962402
2017-08-22T13:14:35.015Z,0.918827,37.628174,0.024365,62.824081,0.300073,138.916016
2017-08-22T13:14:34.008Z,1.018275,37.10083,0.02356,76.427254,0.433612,134.70459
2017-08-22T13:14:33.007Z,0.930055,42.919922,0.028345,74.771202,0.457425,146.484375
2017-08-22T13:14:32.000Z,0.905728,46.274414,0.026978,79.223106,0.484973,157.592773
2017-08-22T13:14:31.004Z,0.858499,50.489502,0.026245,84.147293,0.297116,175.78125
2017-08-22T13:14:29.993Z,0.836399,53.389893,0.02793,88.983765,0.266299,184.814453
2017-08-22T13:14:28.973Z,0.818844,56.030273,0.029736,93.384247,0.359683,188.415527
2017-08-22T13:14:27.961Z,0.835419,58.242188,0.030518,97.067963,0.350967,191.711426
2017-08-22T13:14:26.951Z,0.843439,59.886475,0.043286,99.809296,0.29089,196.838379
2017-08-22T13:14:25.945Z,0.908401,60,0.048999,100,0.16171,203.796387
2017-08-22T13:14:24.936Z,0.90653,60,0.036963,100,0.11564,205.26123
2017-08-22T13:14:23.926Z,0.931837,60,0.041016,100,0.078131,199.462891
2017-08-22T13:14:22.883Z,0.827399,52.781982,0.031055,87.967628,0.208401,192.138672
2017-08-22T13:14:21.887Z,0.831943,57.30835,0.039771,95.515244,0.407309,183.959961
2017-08-22T13:14:20.880Z,0.824547,54.836426,0.035254,91.3965,0.340073,192.810059
2017-08-22T13:14:19.874Z,0.867053,51.954346,0.032104,86.591202,0.257895,177.67334
2017-08-22T13:14:18.862Z,0.876766,48.782959,0.035718,81.307907,0.211981,170.898438
2017-08-22T13:14:17.854Z,0.897975,45.53833,0.032349,75.89975,0.187857,159.362793
2017-08-22T13:14:16.814Z,0.879796,37.049561,0.022705,61.748352,0.26879,139.831543
2017-08-22T13:14:15.780Z,0.885499,30,0.021387,63.385521,0.257272,118.103027
2017-08-22T13:14:14.727Z,0.916421,30.977783,0.020605,51.631321,0.248557,121.276855
2017-08-22T13:14:13.516Z,0.898242,30,0.02085,50,0.241086,118.591309
2017-08-22T13:14:12.514Z,0.910094,30,0.020337,50,0.231281,118.835449
2017-08-22T13:14:11.503Z,0.90252,30,0.019629,50,0.258362,118.774414
2017-08-22T13:14:10.493Z,0.894945,30.230713,0.020459,50.385517,0.28342,119.384766
2017-08-22T13:14:09.484Z,0.919629,31.73584,0.020361,52.895775,0.264432,124.450684
2017-08-22T13:14:08.478Z,0.908757,33.848877,0.020337,56.417145,0.245755,131.652832
2017-08-22T13:14:07.471Z,0.868123,36.452637,0.021997,60.753658,0.263965,139.709473
2017-08-22T13:14:06.462Z,0.877123,39.396973,0.024536,65.662788,0.280618,147.766113
2017-08-22T13:14:05.273Z,0.849587,42.51709,0.023071,70.863419,0.203577,159.423828
2017-08-22T13:14:04.063Z,0.839785,51.943359,0.030493,86.570984,0.232526,187.62207
2017-08-22T13:14:03.046Z,0.857429,54.737549,0.031177,91.228195,0.219919,196.838379
2017-08-22T13:14:02.031Z,0.856271,57.161865,0.033154,95.26741,0.211047,204.833984
2017-08-22T13:14:01.021Z,0.83729,59.205322,0.032617,100,0.157507,211.425781
2017-08-22T13:14:00.013Z,0.843706,60,0.036865,100,0.208401,214.172363
2017-08-22T13:13:58.235Z,0.847003,56.334229,0.031689,93.890854,0.234393,204.406738
2017-08-22T13:13:57.222Z,0.824191,55.488281,0.030566,92.482803,0.193771,202.148438
2017-08-22T13:13:56.215Z,0.855736,54.04541,0.030981,90.076759,0.214316,197.814941
2017-08-22T13:13:55.214Z,0.845399,52.012939,0.029858,86.686508,0.200308,190.429688
2017-08-22T13:13:54.194Z,0.860815,49.486084,0.027979,82.475967,0.237506,182.189941
2017-08-22T13:13:53.187Z,0.856538,46.604004,0.02666,77.673653,0.228323,171.264648
2017-08-22T13:13:52.183Z,0.87739,43.531494,0.025317,72.552612,0.192838,161.560059
2017-08-22T13:13:51.173Z,0.861707,40.444336,0.024243,67.405731,0.267078,151.428223
2017-08-22T13:13:50.130Z,0.850479,34.925537,0.022778,58.211098,0.288245,135.986328
2017-08-22T13:13:48.379Z,0.880866,32.819824,0.02168,54.699619,0.250891,126.403809
2017-08-22T13:13:47.366Z,0.892183,31.329346,0.02146,52.21426,0.266144,122.070312
2017-08-22T13:13:46.343Z,0.893608,30.560303,0.020947,50.931831,0.285599,119.567871
2017-08-22T13:13:45.329Z,0.899312,30.633545,0.021069,51.054367,0.258206,119.873047
2017-08-22T13:13:44.320Z,0.911876,32.62207,0.02146,54.372326,0.249023,125.915527
2017-08-22T13:13:43.311Z,0.913302,31.5271,0.019897,52.546524,0.265677,122.619629
2017-08-22T13:13:42.304Z,0.901361,33.936768,0.022021,56.560555,0.212448,129.882812
2017-08-22T13:13:41.299Z,0.885588,36.555176,0.022876,60.924778,0.243887,138.122559
2017-08-22T13:13:40.292Z,0.865093,39.488525,0.022876,65.815697,0.254471,147.460938
2017-08-22T13:13:39.286Z,0.874895,42.615967,0.025146,71.027039,0.266299,157.348633
2017-08-22T13:13:38.275Z,0.872222,45.769043,0.026807,76.278755,0.21525,167.602539
2017-08-22T13:13:37.272Z,0.894856,49.174805,0.02854,84.516861,0.282019,177.307129
2017-08-22T13:13:36.263Z,0.885856,51.859131,0.029395,89.203552,0.276727,186.157227
2017-08-22T13:13:35.252Z,0.897618,55.133057,0.03125,93.242584,0.299606,194.458008
2017-08-22T13:13:34.240Z,0.920253,56.751709,0.032056,96.403076,0.283264,198.730469
2017-08-22T13:13:33.239Z,0.862865,59.099121,0.041431,98.49929,0.318127,201.904297
2017-08-22T13:13:32.242Z,0.789526,59.538574,0.037231,99.228012,0.362485,206.481934
2017-08-22T13:13:31.241Z,0.907332,59.296875,0.028271,98.829239,0.146301,204.89502
2017-08-22T13:13:30.225Z,0.894767,58.322754,0.033667,97.20639,0.166534,202.697754
2017-08-22T13:13:29.200Z,0.832389,56.66748,0.034204,94.44577,0.304742,194.458008
2017-08-22T13:13:28.197Z,0.841924,54.400635,0.038721,90.669876,0.25556,185.668945
2017-08-22T13:13:27.187Z,0.891559,51.672363,0.03584,86.122787,0.204666,181.152344
2017-08-22T13:13:26.182Z,0.898866,48.55957,0.028394,80.933411,0.132605,174.682617
2017-08-22T13:13:25.174Z,0.928629,44.6521,0.02959,74.421333,0.165756,156.677246
2017-08-22T13:13:24.162Z,0.898777,43.267822,0.033545,72.115944,0.176807,156.37207
2017-08-22T13:13:23.152Z,0.896014,39.993896,0.027563,66.657005,0.192838,139.587402
2017-08-22T13:13:22.145Z,0.89049,37.397461,0.025977,62.331711,0.20311,134.094238
2017-08-22T13:13:21.139Z,0.886747,35.375977,0.023047,58.961525,0.173227,130.004883
2017-08-22T13:13:20.132Z,0.910629,34.006348,0.027271,56.679802,0.174628,126.525879
2017-08-22T13:13:19.121Z,0.870172,33.358154,0.023096,55.594654,0.260696,125.549316
2017-08-22T13:13:18.114Z,0.853776,33.457031,0.023364,55.762989,0.236884,123.779297
2017-08-22T13:13:17.103Z,0.876588,34.299316,0.022925,57.167236,0.263342,127.868652
2017-08-22T13:13:16.098Z,0.871954,35.83374,0.022778,59.725716,0.246533,132.324219
2017-08-22T13:13:15.055Z,0.871865,39.470215,0.02439,65.784462,0.241397,147.399902
2017-08-22T13:13:13.122Z,0.843261,43.546143,0.025781,72.576736,0.236884,159.790039
2017-08-22T13:13:12.097Z,0.871152,46.66626,0.027441,77.77739,0.227545,169.799805
2017-08-22T13:13:11.080Z,0.840231,49.790039,0.02915,82.984451,0.237662,179.626465
2017-08-22T13:13:10.070Z,0.838805,52.811279,0.029321,88.017982,0.193304,189.880371
2017-08-22T13:13:09.061Z,0.826597,58.937988,0.032544,98.230675,0.194394,208.618164
2017-08-22T13:13:08.051Z,0.835062,56.660156,0.032104,94.43248,0.230502,203.063965
2017-08-22T13:13:07.044Z,0.83328,58.223877,0.033154,97.039833,0.173383,207.885742
2017-08-22T13:13:06.037Z,0.864736,58.956299,0.037476,98.258865,0.185678,210.144043
2017-08-22T13:13:05.030Z,0.851102,58.912354,0.035645,98.187218,0.18739,209.533691
2017-08-22T13:13:04.033Z,0.877657,58.117676,0.033911,96.86058,0.287778,207.03125
2017-08-22T13:13:03.017Z,0.84932,56.619873,0.03147,94.365967,0.239374,201.049805
2017-08-22T13:13:02.008Z,0.828112,54.510498,0.030884,90.848564,0.204355,194.641113
2017-08-22T13:13:01.002Z,0.842013,51.906738,0.030786,86.511719,0.20202,185.668945
2017-08-22T13:12:59.994Z,0.844597,48.962402,0.028906,81.603195,0.205911,177.734375
2017-08-22T13:12:58.986Z,0.871509,45.842285,0.026221,76.402489,0.255093,167.419434
2017-08-22T13:12:57.971Z,0.852617,42.722168,0.025903,71.20488,0.25058,157.409668
2017-08-22T13:12:56.965Z,0.89049,39.781494,0.024316,66.302376,0.246222,147.644043
2017-08-22T13:12:55.956Z,0.881667,37.181396,0.022803,61.966896,0.24093,139.587402
2017-08-22T13:12:54.951Z,0.876766,35.046387,0.022559,58.41169,0.234705,132.93457
2017-08-22T13:12:53.942Z,0.868657,33.394775,0.021387,55.656204,0.263031,127.990723
2017-08-22T13:12:52.933Z,0.906886,34.273682,0.023047,57.121658,0.246533,130.249023
2017-08-22T13:12:51.738Z,0.896371,33.175049,0.023535,55.290375,0.274237,124.023438
2017-08-22T13:12:50.742Z,0.903411,33.793945,0.02168,56.324097,0.270969,127.441406
2017-08-22T13:12:49.733Z,0.888618,35.178223,0.022754,58.632217,0.213849,131.713867
2017-08-22T13:12:48.704Z,0.901361,37.203369,0.024121,62.002937,0.244354,138.000488
2017-08-22T13:12:47.694Z,0.875162,39.733887,0.023926,66.22229,0.237506,147.338867
2017-08-22T13:12:46.689Z,0.881311,42.623291,0.025,71.04081,0.257584,156.982422
2017-08-22T13:12:45.677Z,0.838538,45.706787,0.027759,76.178757,0.22023,167.114258
2017-08-22T13:12:44.674Z,0.861172,48.80127,0.02832,81.338036,0.224121,177.062988
2017-08-22T13:12:43.484Z,0.864023,51.339111,0.030273,85.565857,0.197195,185.791016
2017-08-22T13:12:42.304Z,0.842191,53.726807,0.029395,89.5439,0.234238,193.847656
2017-08-22T13:12:41.264Z,0.856895,55.627441,0.032202,92.71022,0.205289,200.012207
2017-08-22T13:12:40.250Z,0.83132,56.824951,0.032227,94.710571,0.227234,204.223633
2017-08-22T13:12:39.228Z,0.823834,57.304688,0.031763,95.507072,0.217117,205.932617
2017-08-22T13:12:38.225Z,0.828112,57.044678,0.032837,95.072975,0.229257,205.078125
2017-08-22T13:12:37.213Z,0.864113,56.044922,0.032959,93.4077,0.238907,201.538086
2017-08-22T13:12:36.201Z,0.854578,54.393311,0.031152,90.656281,0.21416,195.922852
2017-08-22T13:12:35.194Z,0.855825,52.258301,0.030371,87.098557,0.206689,188.232422
2017-08-22T13:12:34.184Z,0.86634,47.574463,0.028857,79.291306,0.253226,174.865723
2017-08-22T13:12:33.177Z,0.837736,46.116943,0.0271,76.858803,0.209958,168.823242
2017-08-22T13:12:32.134Z,0.883628,43.150635,0.025269,71.918213,0.249646,159.057617
2017-08-22T13:12:31.067Z,0.888262,40.070801,0.024097,66.78418,0.240619,149.230957
2017-08-22T13:12:30.049Z,0.869548,37.272949,0.023682,62.120422,0.249023,140.50293
2017-08-22T13:12:29.030Z,0.885856,34.866943,0.021753,58.113117,0.207001,133.178711
2017-08-22T13:12:27.983Z,0.886301,33.731689,0.021558,56.219994,0.246689,129.333496
2017-08-22T13:12:26.979Z,0.900826,31.772461,0.021655,52.95446,0.285287,123.718262
2017-08-22T13:12:25.974Z,0.876677,31.263428,0.021094,52.104034,0.244666,122.924805
2017-08-22T13:12:24.966Z,0.884697,31.497803,0.020703,52.497475,0.299918,124.023438
2017-08-22T13:12:23.957Z,0.891024,32.468262,0.020605,54.110806,0.24342,128.601074
2017-08-22T13:12:22.950Z,0.865449,34.108887,0.022314,56.851173,0.242487,133.483887
2017-08-22T13:12:21.942Z,0.872667,36.335449,0.022388,60.560078,0.270813,140.197754
2017-08-22T13:12:20.931Z,0.878905,39.008789,0.022803,65.01622,0.247934,149.108887
2017-08-22T13:12:19.927Z,0.843171,41.964111,0.023535,69.938622,0.214316,158.569336
2017-08-22T13:12:18.919Z,0.840498,44.901123,0.025171,74.835068,0.195328,170.349121
2017-08-22T13:12:17.910Z,0.8503,48.706055,0.027588,81.178024,0.222876,177.91748
2017-08-22T13:12:16.903Z,0.839072,51.265869,0.029736,85.444481,0.223032,186.035156
2017-08-22T13:12:15.893Z,0.857162,53.686523,0.02998,89.479904,0.19953,193.725586
2017-08-22T13:12:14.895Z,0.838092,55.612793,0.030933,92.685959,0.233771,200.195312
2017-08-22T13:12:13.839Z,0.878014,58.557129,0.031909,97.594765,0.290735,209.228516
2017-08-22T13:12:11.419Z,0.850389,58.018799,0.029297,96.69915,0.268323,207.397461
2017-08-22T13:12:10.260Z,0.820448,56.762695,0.035889,94.6064,0.237817,200.195312
2017-08-22T13:12:09.194Z,0.864558,54.862061,0.034229,91.43644,0.115018,194.030762
2017-08-22T13:12:08.179Z,0.897262,52.423096,0.03291,87.371124,0.160776,184.509277
2017-08-22T13:12:07.175Z,0.84335,49.584961,0.03313,82.641197,0.185989,175.842285
2017-08-22T13:12:06.165Z,0.857162,46.508789,0.029004,77.514679,0.20918,166.320801
2017-08-22T13:12:05.160Z,0.860637,43.366699,0.02644,72.280128,0.260074,159.484863
2017-08-22T13:12:04.148Z,0.843171,40.330811,0.025342,67.219246,0.222098,149.047852
2017-08-22T13:12:03.138Z,0.861885,37.514648,0.024121,62.523903,0.26879,140.625
2017-08-22T13:12:02.129Z,0.878192,36.123047,0.021362,60.204369,0.262408,134.82666
2017-08-22T13:12:01.120Z,0.893519,33.856201,0.022241,56.427059,0.224744,127.868652
2017-08-22T13:12:00.116Z,0.885945,32.783203,0.022168,54.640511,0.246378,125.183105
2017-08-22T13:11:59.091Z,0.8814,32.479248,0.021436,54.12936,0.279062,124.267578
2017-08-22T13:11:58.083Z,0.879172,32.929688,0.02146,54.880997,0.223499,126.159668
2017-08-22T13:11:57.073Z,0.866073,34.105225,0.021704,56.842133,0.251514,130.249023
2017-08-22T13:11:56.066Z,0.886925,35.936279,0.023145,59.894527,0.245911,136.413574
2017-08-22T13:11:55.062Z,0.880955,38.31665,0.023828,63.862637,0.240152,144.53125
2017-08-22T13:11:54.056Z,0.848607,41.11084,0.025195,68.516663,0.194705,153.442383
2017-08-22T13:11:53.060Z,0.874717,44.154053,0.025684,73.589493,0.231903,163.391113
2017-08-22T13:11:52.063Z,0.844865,47.27417,0.026904,78.789803,0.205756,172.973633
2017-08-22T13:11:51.055Z,0.868835,50.258789,0.028369,83.766815,0.223654,182.617188
2017-08-22T13:11:50.033Z,0.845043,52.990723,0.030444,88.315567,0.232214,191.467285
2017-08-22T13:11:49.020Z,0.852885,55.286865,0.032324,92.142258,0.186923,198.791504
2017-08-22T13:11:48.007Z,0.844063,57.015381,0.033252,95.024826,0.234393,204.467773
2017-08-22T13:11:47.002Z,0.868479,58.07373,0.034595,96.786835,0.233148,207.885742
2017-08-22T13:11:45.996Z,0.857964,58.40332,0.032617,97.336746,0.175717,208.80127
2017-08-22T13:11:44.985Z,0.82428,57.963867,0.036182,96.605064,0.169336,207.092285
2017-08-22T13:11:43.977Z,0.857964,56.612549,0.037183,94.354469,0.230035,201.904297
2017-08-22T13:11:42.975Z,0.850389,55.3125,0.032813,92.185425,0.196729,197.631836
2017-08-22T13:11:41.958Z,0.851726,52.851562,0.031006,88.083267,0.193149,188.964844
2017-08-22T13:11:40.951Z,0.857875,50.050049,0.02981,83.419411,0.251981,180.358887
2017-08-22T13:11:39.944Z,0.848964,47.003174,0.027124,78.337021,0.23735,170.349121
2017-08-22T13:11:38.938Z,0.841122,43.868408,0.026367,73.112228,0.196573,161.315918
2017-08-22T13:11:37.929Z,0.862509,40.821533,0.026025,68.037674,0.225055,151.245117
2017-08-22T13:11:36.927Z,0.863043,38.041992,0.02356,63.401993,0.204977,142.578125
2017-08-22T13:11:35.918Z,0.897084,35.679932,0.022021,59.469398,0.24342,135.009766
2017-08-22T13:11:34.909Z,0.912054,33.878174,0.0229,56.4645,0.235327,129.455566
2017-08-22T13:11:33.912Z,0.870885,32.735596,0.021216,54.559322,0.245444,126.159668
2017-08-22T13:11:32.902Z,0.902074,32.318115,0.021338,53.864063,0.241397,124.816895
2017-08-22T13:11:31.888Z,0.88844,32.651367,0.021777,54.417015,0.274237,125.732422
2017-08-22T13:11:30.880Z,0.877568,33.713379,0.02124,56.191109,0.275793,129.211426
2017-08-22T13:11:29.876Z,0.879261,35.452881,0.021216,59.090683,0.230814,134.82666
2017-08-22T13:11:28.865Z,0.888618,37.789307,0.023535,62.982391,0.222565,142.211914
2017-08-22T13:11:27.858Z,0.8814,41.553955,0.024536,69.254028,0.204822,153.991699
2017-08-22T13:11:26.851Z,0.858142,43.341064,0.025098,72.238037,0.222565,160.27832
2017-08-22T13:11:25.840Z,0.851726,46.516113,0.026685,77.526176,0.235483,170.471191
2017-08-22T13:11:24.838Z,0.855647,49.581299,0.027295,82.633018,0.196106,180.236816
2017-08-22T13:11:23.836Z,0.869905,52.390137,0.030713,87.314491,0.230191,189.39209
2017-08-22T13:11:22.824Z,0.859122,54.788818,0.030737,91.311966,0.218207,197.265625
2017-08-22T13:11:21.814Z,0.850033,56.638184,0.032764,94.39769,0.222876,203.24707
2017-08-22T13:11:20.626Z,0.862865,57.839355,0.033398,96.397232,0.211514,207.15332
2017-08-22T13:11:19.588Z,0.878727,58.319092,0.033105,97.195618,0.228323,208.251953
2017-08-22T13:11:18.577Z,0.846201,58.048096,0.03645,96.74588,0.195328,206.90918
2017-08-22T13:11:17.570Z,0.857697,57.044678,0.032007,95.075027,0.215872,203.00293
2017-08-22T13:11:16.561Z,0.83631,55.367432,0.034692,92.277214,0.237506,196.533203
2017-08-22T13:11:15.555Z,0.860815,53.10791,0.031348,88.511169,0.236105,189.63623
2017-08-22T13:11:14.547Z,0.86135,50.394287,0.02998,83.989929,0.244666,180.725098
2017-08-22T13:11:13.536Z,0.851637,47.376709,0.029565,78.963531,0.230347,171.203613
2017-08-22T13:11:12.527Z,0.836934,44.197998,0.026416,73.665817,0.194861,161.193848
2017-08-22T13:11:11.520Z,0.85636,41.601562,0.025195,69.333672,0.234238,153.869629
2017-08-22T13:11:10.512Z,0.859033,38.455811,0.023975,64.092743,0.217429,143.615723
2017-08-22T13:11:09.503Z,0.857518,35.983887,0.022412,59.972641,0.208401,136.047363
2017-08-22T13:11:08.496Z,0.877123,34.061279,0.020972,56.771046,0.243265,129.760742
2017-08-22T13:11:07.487Z,0.865984,32.790527,0.021631,54.650887,0.239685,125.976562
2017-08-22T13:11:06.475Z,0.915441,32.237549,0.02207,53.726841,0.266611,124.389648
2017-08-22T13:11:05.470Z,0.87035,32.431641,0.021704,54.049744,0.225522,125
2017-08-22T13:11:04.462Z,0.892717,33.358154,0.02168,55.599842,0.237817,128.234863
2017-08-22T13:11:03.457Z,0.879618,34.973145,0.022583,58.28746,0.27377,133.544922
2017-08-22T13:11:02.447Z,0.879172,37.174072,0.023389,61.958416,0.230191,140.563965
2017-08-22T13:11:01.441Z,0.8814,39.840088,0.0229,66.401939,0.255405,149.291992
2017-08-22T13:11:00.437Z,0.859122,42.802734,0.024756,71.335083,0.228946,159.301758
2017-08-22T13:10:59.240Z,0.853508,46.739502,0.027002,76.518967,0.179141,171.691895
2017-08-22T13:10:58.241Z,0.8503,48.980713,0.02771,81.636635,0.143344,181.030273
2017-08-22T13:10:57.231Z,0.830072,51.837158,0.027612,86.395325,0.196106,189.51416
2017-08-22T13:10:56.204Z,0.842726,54.477539,0.031494,90.515114,0.152838,197.753906
2017-08-22T13:10:55.192Z,0.843973,56.260986,0.031177,93.765556,0.187701,202.819824
2017-08-22T13:10:54.185Z,0.829003,57.564697,0.032861,96.762375,0.186612,206.481934
2017-08-22T13:10:53.176Z,0.890044,58.059082,0.030933,96.762375,0.293225,206.176758
2017-08-22T13:10:52.168Z,0.836666,58.187256,0.034985,96.976654,0.260541,205.871582
2017-08-22T13:10:51.156Z,0.869816,57.253418,0.035059,95.423248,0.208246,202.148438
2017-08-22T13:10:50.149Z,0.880153,55.678711,0.032031,92.799507,0.225989,197.143555
2017-08-22T13:10:49.140Z,0.8814,53.514404,0.029834,89.190353,0.189102,189.086914
2017-08-22T13:10:48.097Z,0.865895,45.952148,0.026709,76.584412,0.240619,167.602539
2017-08-22T13:10:46.014Z,0.847627,42.832031,0.02522,71.384918,0.192838,158.02002
2017-08-22T13:10:45.007Z,0.861172,39.821777,0.024219,66.372276,0.246533,148.376465
2017-08-22T13:10:43.998Z,0.864825,37.10083,0.023486,61.833393,0.270657,139.831543
2017-08-22T13:10:42.986Z,0.87641,34.819336,0.022217,58.030281,0.246844,132.751465
2017-08-22T13:10:41.982Z,0.901807,33.105469,0.022363,55.178814,0.214938,127.258301
2017-08-22T13:10:40.973Z,0.886301,32.06543,0.02063,53.443825,0.286999,124.084473
2017-08-22T13:10:39.966Z,0.889153,31.75415,0.022412,53.688423,0.284976,123.10791
2017-08-22T13:10:38.962Z,0.898599,32.281494,0.020776,53.803581,0.264276,124.511719
2017-08-22T13:10:37.948Z,0.899044,33.105469,0.021948,55.176453,0.229568,127.929688
2017-08-22T13:10:36.942Z,0.874004,35.15625,0.021606,58.596352,0.198752,134.277344
2017-08-22T13:10:35.934Z,0.895034,37.108154,0.023999,61.00967,0.252759,141.296387
2017-08-22T13:10:34.927Z,0.876054,39.620361,0.023413,65.379593,0.20451,150.146484
2017-08-22T13:10:33.931Z,0.884608,42.169189,0.024365,70.2817,0.183655,159.912109
2017-08-22T13:10:32.926Z,0.844865,45.27832,0.025439,75.460892,0.183499,169.311523
2017-08-22T13:10:31.927Z,0.846112,48.376465,0.026001,80.625053,0.245911,178.649902
2017-08-22T13:10:30.916Z,0.840944,51.287842,0.029224,85.479782,0.213849,187.438965
2017-08-22T13:10:29.901Z,0.863845,53.847656,0.031592,89.747223,0.20918,195.3125
2017-08-22T13:10:28.892Z,0.8413,55.909424,0.03186,93.182991,0.229102,202.148438
2017-08-22T13:10:27.881Z,0.836221,57.352295,0.032446,95.589912,0.238129,205.810547
2017-08-22T13:10:26.868Z,0.82624,58.099365,0.032446,96.829849,0.175873,207.824707
2017-08-22T13:10:25.859Z,0.855914,58.099365,0.033765,96.832024,0.251669,207.641602
2017-08-22T13:10:24.854Z,0.868657,57.355957,0.033423,95.593887,0.245132,204.101562
2017-08-22T13:10:23.842Z,0.857786,55.913086,0.035449,93.185669,0.242798,197.814941
2017-08-22T13:10:22.836Z,0.841122,53.843994,0.033228,89.740807,0.23237,191.467285
2017-08-22T13:10:21.824Z,0.868657,51.254883,0.027271,85.426819,0.237195,183.959961
2017-08-22T13:10:20.823Z,0.843439,48.596191,0.029126,80.99649,0.223032,174.01123
2017-08-22T13:10:19.780Z,0.850924,43.428955,0.024927,72.381607,0.245755,158.752441
2017-08-22T13:10:18.315Z,0.887014,40.396729,0.025537,67.32692,0.237506,149.108887
2017-08-22T13:10:17.167Z,0.863132,35.244141,0.021484,58.738026,0.247778,133.850098
2017-08-22T13:10:16.142Z,0.895123,34.544678,0.022266,57.573025,0.224121,131.835938
2017-08-22T13:10:15.131Z,0.888975,33.035889,0.020972,55.059502,0.249023,127.01416
2017-08-22T13:10:14.124Z,0.907599,32.2229,0.021558,53.764099,0.251202,124.633789
2017-08-22T13:10:13.114Z,0.892628,32.149658,0.020972,53.02578,0.248401,124.389648
2017-08-22T13:10:12.107Z,0.89049,32.775879,0.020776,53.533451,0.246378,126.403809
2017-08-22T13:10:11.101Z,0.86741,33.914795,0.022363,55.258152,0.224121,130.615234
2017-08-22T13:10:10.091Z,0.873291,36.057129,0.022363,58.101646,0.249179,136.962891
2017-08-22T13:10:09.080Z,0.902252,38.217773,0.024707,61.917236,0.227078,144.775391
2017-08-22T13:10:08.076Z,0.877657,40.839844,0.024902,66.459396,0.191592,154.11377
2017-08-22T13:10:07.067Z,0.874271,43.612061,0.025122,76.69326,0.195016,163.818359
2017-08-22T13:10:06.070Z,0.899401,46.014404,0.025024,76.69326,0.156262,172.912598
2017-08-22T13:10:05.056Z,0.859301,49.07959,0.025903,81.796555,0.18241,183.654785
2017-08-22T13:10:04.047Z,0.834795,51.903076,0.028784,86.50618,0.177585,189.147949
2017-08-22T13:10:03.039Z,0.824191,54.342041,0.03064,90.570473,0.244821,197.875977
2017-08-22T13:10:02.032Z,0.838181,55.913086,0.029907,93.188187,0.196729,202.636719
2017-08-22T13:10:01.022Z,0.860815,57.381592,0.031104,95.638046,0.199219,207.275391
2017-08-22T13:10:00.011Z,0.836577,57.908936,0.031104,96.516014,0.183966,207.824707
2017-08-22T13:09:59.007Z,0.831052,57.681885,0.031494,96.13343,0.176962,206.359863
2017-08-22T13:09:57.997Z,0.858231,56.715088,0.034277,94.522713,0.212604,202.758789
2017-08-22T13:09:56.799Z,0.848696,54.246826,0.031689,90.41246,0.22739,195.251465
2017-08-22T13:09:55.777Z,0.868746,51.767578,0.030664,86.280807,0.238284,187.133789
2017-08-22T13:09:54.765Z,0.859657,48.907471,0.028882,81.512825,0.222409,177.734375
2017-08-22T13:09:53.726Z,0.879796,44.047852,0.026489,73.41069,0.235327,161.92627
2017-08-22T13:09:52.416Z,0.864825,40.975342,0.025317,68.292862,0.250735,151.733398
2017-08-22T13:09:51.374Z,0.821785,39.730225,0.026367,66.216568,0.312524,145.751953
2017-08-22T13:09:50.365Z,0.835686,37.056885,0.024243,61.762993,0.282953,137.145996
2017-08-22T13:09:49.350Z,0.870796,34.848633,0.023657,58.079182,0.261008,131.469727
2017-08-22T13:09:48.349Z,0.921857,33.226318,0.022876,55.380219,0.251202,126.586914
2017-08-22T13:09:47.352Z,0.877657,32.296143,0.020459,53.829922,0.263031,123.718262
2017-08-22T13:09:46.337Z,0.886123,32.39502,0.022705,53.994175,0.266922,124.633789
2017-08-22T13:09:45.320Z,0.892628,32.574463,0.020776,54.289715,0.258362,126.525879
2017-08-22T13:09:44.304Z,0.895569,33.845215,0.021289,56.408787,0.260385,131.530762
2017-08-22T13:09:43.302Z,0.87739,35.749512,0.022266,59.583031,0.286844,137.817383
2017-08-22T13:09:42.302Z,0.895836,38.188477,0.023511,63.644661,0.258984,145.996094
2017-08-22T13:09:41.294Z,0.856716,41.019287,0.023169,68.363525,0.244043,155.334473
2017-08-22T13:09:40.294Z,0.849587,57.84668,0.03208,96.409546,0.202954,207.15332
2017-08-22T13:09:35.502Z,0.859924,56.843262,0.032446,94.73735,0.237662,203.979492
2017-08-22T13:09:34.495Z,0.849587,57.84668,0.03208,96.409546,0.202954,207.15332
2017-08-22T13:09:33.499Z,0.837201,58.117676,0.029761,96.860985,0.159686,208.007812
2017-08-22T13:09:32.500Z,0.836132,57.637939,0.034424,96.06134,0.186768,206.542969
2017-08-22T13:09:31.490Z,0.837646,56.425781,0.0323,94.041321,0.227545,202.575684
2017-08-22T13:09:30.476Z,0.830161,54.719238,0.031445,91.197304,0.183966,196.716309
2017-08-22T13:09:29.465Z,0.86536,52.232666,0.031592,87.053268,0.230191,188.598633
2017-08-22T13:09:28.451Z,0.874895,49.420166,0.028809,82.368431,0.230814,179.443359
2017-08-22T13:09:27.446Z,0.858231,46.365967,0.027734,77.277695,0.205756,169.372559
2017-08-22T13:09:26.438Z,0.884073,43.238525,0.02644,72.067169,0.234393,159.301758
2017-08-22T13:09:25.430Z,0.869103,40.220947,0.024048,67.034592,0.224432,149.658203
2017-08-22T13:09:24.384Z,0.853419,36.108398,0.022705,60.178028,0.225833,136.352539
2017-08-22T13:09:22.744Z,0.870796,34.072266,0.021338,56.787807,0.267078,130.065918
2017-08-22T13:09:21.715Z,0.888618,32.662354,0.022217,54.434772,0.283887,125.854492
2017-08-22T13:09:20.712Z,0.913213,31.951904,0.020508,53.252136,0.244821,123.779297
2017-08-22T13:09:19.695Z,0.917579,31.984863,0.022217,53.309772,0.237817,123.901367
2017-08-22T13:09:18.633Z,0.868212,34.240723,0.020752,57.070278,0.235327,130.92041
2017-08-22T13:09:17.291Z,0.909381,35.350342,0.021973,58.914352,0.222098,134.216309
2017-08-22T13:09:16.295Z,0.889598,37.694092,0.022607,62.826279,0.265677,141.662598
2017-08-22T13:09:15.287Z,0.876766,40.462646,0.024805,67.440643,0.25556,150.45166
2017-08-22T13:09:14.278Z,0.861885,43.494873,0.026611,72.493553,0.193149,160.15625
2017-08-22T13:09:13.267Z,0.866875,46.362305,0.028003,77.269569,0.229413,169.555664
2017-08-22T13:09:12.259Z,0.846558,49.372559,0.027808,82.288353,0.193771,179.382324
2017-08-22T13:09:11.249Z,0.864469,52.250977,0.028809,87.087914,0.219141,188.781738
2017-08-22T13:09:10.241Z,0.860103,54.624023,0.0302,91.037109,0.240308,196.655273
2017-08-22T13:09:09.228Z,0.843706,56.45874,0.033276,94.09726,0.203732,202.758789
2017-08-22T13:09:08.222Z,0.8323,57.645264,0.031104,96.074478,0.188635,206.604004
2017-08-22T13:09:07.179Z,0.844775,57.828369,0.034009,96.383255,0.267233,207.092285
2017-08-22T13:09:05.639Z,0.82624,57.282715,0.032593,95.469696,0.220697,205.322266
2017-08-22T13:09:04.632Z,0.859835,55.924072,0.031299,93.207123,0.227545,200.866699
2017-08-22T13:09:03.588Z,0.829359,53.935547,0.031812,89.894409,0.217117,193.481445
2017-08-22T13:09:02.349Z,0.836399,51.434326,0.030762,85.721573,0.219608,185.180664
2017-08-22T13:09:01.157Z,0.855558,47.156982,0.028271,78.593033,0.246533,171.99707
2017-08-22T13:09:00.150Z,0.839429,44.033203,0.026221,73.390152,0.222409,161.92627
2017-08-22T13:08:59.120Z,0.879529,40.97168,0.024146,68.286476,0.223187,152.160645
2017-08-22T13:08:58.123Z,0.855201,38.144531,0.023535,63.575848,0.211047,143.005371
2017-08-22T13:08:56.922Z,0.871598,35.720215,0.022754,59.533157,0.25914,135.253906
2017-08-22T13:08:55.895Z,0.91054,34.002686,0.022656,56.670776,0.255249,130.065918
2017-08-22T13:08:54.891Z,0.888173,32.537842,0.022559,54.232552,0.275015,125.549316
2017-08-22T13:08:53.874Z,0.888173,32.537842,0.022559,54.232552,0.275015,125.549316
2017-08-22T13:08:49.632Z,0.88345,37.020264,0.021631,66.161133,0.268634,141.418457
2017-08-22T13:08:48.618Z,0.88443,39.697266,0.024146,66.161133,0.2056,150.45166
2017-08-22T13:08:47.571Z,0.836755,50.240479,0.028882,83.736847,0.185367,183.349609
2017-08-22T13:08:44.357Z,0.855914,52.928467,0.029419,88.211273,0.211359,191.101074
2017-08-22T13:08:43.354Z,0.849231,55.155029,0.031812,91.925415,0.221164,198.303223
2017-08-22T13:08:42.344Z,0.836934,56.799316,0.032202,94.666443,0.201709,203.796387
2017-08-22T13:08:41.340Z,0.840409,57.769775,0.031909,96.280853,0.230502,206.970215
2017-08-22T13:08:40.328Z,0.844865,58.037109,0.031201,96.726456,0.169025,207.824707
2017-08-22T13:08:39.322Z,0.85939,57.44751,0.032153,95.748215,0.233615,205.871582
2017-08-22T13:08:38.311Z,0.854221,56.224365,0.031616,93.709465,0.231281,201.843262
2017-08-22T13:08:37.305Z,0.864291,54.345703,0.030908,90.578201,0.235016,195.617676
2017-08-22T13:08:36.301Z,0.844865,51.928711,0.029272,86.54599,0.222876,187.683105
2017-08-22T13:08:35.289Z,0.855023,49.108887,0.029663,81.845123,0.187857,178.405762
2017-08-22T13:08:34.277Z,0.873202,46.047363,0.027002,76.747421,0.218051,168.395996
2017-08-22T13:08:33.276Z,0.861974,42.927246,0.024487,71.54451,0.221164,158.38623
2017-08-22T13:08:32.280Z,0.876588,39.920654,0.023926,66.533836,0.240308,148.681641
2017-08-22T13:08:31.265Z,0.897708,37.203369,0.023486,62.004532,0.203577,140.075684
2017-08-22T13:08:30.253Z,0.878638,34.929199,0.022754,58.215385,0.269568,132.93457
2017-08-22T13:08:29.238Z,0.91152,33.22998,0.021655,55.3829,0.241397,127.746582
2017-08-22T13:08:28.232Z,0.901718,32.20459,0.021753,53.677074,0.259918,124.450684
2017-08-22T13:08:27.225Z,0.888351,31.911621,0.021509,53.185165,0.271902,123.718262
2017-08-22T13:08:26.216Z,0.913569,32.362061,0.022021,53.938801,0.264587,125.12207
2017-08-22T13:08:25.209Z,0.883628,33.537598,0.021606,55.897518,0.229102,128.662109
2017-08-22T13:08:24.197Z,0.864915,35.368652,0.022974,58.94593,0.212759,134.399414
2017-08-22T13:08:23.190Z,0.851013,37.749023,0.023169,62.91362,0.213226,141.906738
2017-08-22T13:08:22.182Z,0.856271,40.546875,0.025122,65.286903,0.202954,150.695801
2017-08-22T13:08:21.174Z,0.882826,43.432617,0.025098,70.145332,0.239685,160.15625
2017-08-22T13:08:20.170Z,0.851904,46.40625,0.026636,75.41246,0.180075,170.532227
2017-08-22T13:08:19.160Z,0.861796,49.434814,0.029419,80.551765,0.232059,180.480957
2017-08-22T13:08:18.164Z,0.865806,51.412354,0.029053,85.394333,0.13992,189.453125
2017-08-22T13:08:17.166Z,0.822676,53.789062,0.029053,89.647278,0.216183,195.800781
2017-08-22T13:08:16.154Z,0.850657,55.839844,0.030762,93.066849,0.251202,202.331543
2017-08-22T13:08:15.131Z,0.825973,57.271729,0.030981,95.454567,0.223965,206.115723
2017-08-22T13:08:14.126Z,0.838805,58.00415,0.032568,96.67511,0.172137,207.763672
2017-08-22T13:08:13.112Z,0.859033,57.993164,0.034473,96.657509,0.222409,206.970215
2017-08-22T13:08:12.106Z,0.851013,57.242432,0.033252,95.401871,0.226456,204.223633
2017-08-22T13:08:11.094Z,0.858677,55.788574,0.031982,92.981888,0.140698,199.21875
2017-08-22T13:08:10.085Z,0.842548,53.719482,0.032324,89.534622,0.159375,190.856934
2017-08-22T13:08:09.081Z,0.85333,51.156006,0.032495,85.259445,0.20202,181.213379
2017-08-22T13:08:08.074Z,0.849587,48.240967,0.02644,80.400986,0.203888,172.790527
2017-08-22T13:08:07.069Z,0.863667,45.142822,0.028467,75.237686,0.231903,162.780762
2017-08-22T13:08:06.061Z,0.857697,42.044678,0.025977,70.071579,0.231436,153.259277
2017-08-22T13:08:05.054Z,0.876588,39.239502,0.024976,65.3964,0.211514,144.65332
2017-08-22T13:08:04.045Z,0.856805,36.496582,0.023169,60.824936,0.275171,136.352539
2017-08-22T13:08:03.035Z,0.868301,34.398193,0.022754,57.33112,0.278128,130.554199
2017-08-22T13:08:02.030Z,0.910985,32.907715,0.021289,54.845844,0.225366,126.281738
2017-08-22T13:08:01.034Z,0.912054,32.109375,0.022754,53.51749,0.257739,124.145508
2017-08-22T13:07:59.824Z,0.898153,32.233887,0.021143,53.722336,0.201398,124.755859
2017-08-22T13:07:58.828Z,0.873826,33.28125,0.021484,55.467262,0.251825,127.868652
2017-08-22T13:07:57.807Z,0.885143,34.998779,0.021362,58.328594,0.212915,133.239746
2017-08-22T13:07:56.789Z,0.866162,37.283936,0.023218,62.142296,0.272681,140.441895
2017-08-22T13:07:55.786Z,0.872578,40.015869,0.024951,66.690506,0.230502,149.108887
2017-08-22T13:07:54.780Z,0.861617,43.026123,0.026221,71.711029,0.230658,158.752441
2017-08-22T13:07:53.776Z,0.878816,46.149902,0.026172,76.916924,0.238907,168.884277
2017-08-22T13:07:52.765Z,0.850924,49.207764,0.02876,82.010117,0.254004,178.771973
2017-08-22T13:07:51.757Z,0.859835,52.020264,0.029004,86.699333,0.247156,187.988281
2017-08-22T13:07:50.749Z,0.842993,54.429932,0.030908,90.719185,0.197351,195.983887
2017-08-22T13:07:49.738Z,0.835062,56.326904,0.030811,93.8769,0.196262,202.209473
2017-08-22T13:07:48.726Z,0.828557,57.487793,0.032935,95.815079,0.216495,205.993652
2017-08-22T13:07:47.719Z,0.839518,57.996826,0.034448,96.65889,0.168713,207.641602
2017-08-22T13:07:46.676Z,0.871776,57.429199,0.031177,95.713745,0.217896,205.871582
2017-08-22T13:07:45.590Z,0.831409,56.766357,0.031567,94.608429,0.23844,203.674316
2017-08-22T13:07:44.578Z,0.857162,55.10376,0.032715,91.842453,0.242642,198.181152